NEWSID,SCRIP_CD,XML_NAME,NEWSSUB,DT_TM,NEWS_DT,CRITICALNEWS,ANNOUNCEMENT_TYPE,QUARTER_ID,FILESTATUS,ATTACHMENTNAME,MORE,HEADLINE,CATEGORYNAME,OLD,RN,PDFFLAG,NSURL,SLONGNAME,AGENDA_ID,TotalPageCnt,News_submission_dt,DissemDT,TimeDiff,Fld_Attachsize,SUBCATNAME,AUDIO_VIDEO_FILE,FinInstrmId,Market Cap
68486d11-fa3d-4c80-9a00-1e84e82a9093,523704,ANN_523704_68486D11-FA3D-4C80-9A00-1E84E82A9093,Mastek Ltd - 523704 - Shareholder Meeting / Postal Ballot-Outcome of AGM,2025-09-23 22:41:56.490,2025-09-23T22:41:56.49,1,A,,N    ,https://www.bseindia.com/xml-data/corpfiling/AttachLive/f0bc8562-f2ed-4f58-b7c5-7aba9eae8ffe.pdf,,"E-voting Results of 43rd Annual General Meeting held on September 23, 2025",AGM/EGM,1,1,0,https://www.bseindia.com/stock-share-price/mastek-ltd/mastek/523704/,Mastek Ltd,3.0,20,2025-09-23T22:41:56,2025-09-23T22:41:56.49,00:00:00,1659375.0,AGM,,523704.0,7822.92
cf030e17-1e2f-46ec-b262-317008121200,540205,ANN_540205_CF030E17-1E2F-46EC-B262-317008121200,Aditya Vision Ltd - 540205 - Announcement under Regulation 30 (LODR)-Analyst / Investor Meet - Intimation,2025-09-23 22:38:25.897,2025-09-23T22:38:25.897,0,A,,N    ,https://www.bseindia.com/xml-data/corpfiling/AttachLive/b21e9f93-14a6-41ea-88ba-fd4d6da960b5.pdf,"Pursuant to the Regulation 30(6) of SEBI (Listing Obligations and Disclosure Requirements), Regulations 2015, we would like to inform you that site visit and Analyst/Investor Meeting is scheduled on Friday, September 26, 2025, as per the details given below:","Pursuant to the Regulation 30(6) of SEBI (Listing Obligations and Disclosure Requirements), Regulations 2015, we would like to inform you that site visit and Analyst/Investor Meeting is ....",Company Update,1,1,0,https://www.bseindia.com/stock-share-price/aditya-vision-ltd/avl/540205/,Aditya Vision Ltd,80.0,20,2025-09-23T22:38:25,2025-09-23T22:38:25.897,00:00:00,379592.0,Analyst / Investor Meet,,540205.0,4681.41
beddf308-75b4-4807-814c-6bc241bfdff6,523319,ANN_523319_BEDDF308-75B4-4807-814C-6BC241BFDFF6,"Balmer Lawrie & Company Ltd - 523319 - Proceedings Of 108Th AGM Of The Company Held On 23Rd September, 2025",2025-09-23 22:14:50.007,2025-09-23T22:14:50.007,1,A,,N    ,https://www.bseindia.com/xml-data/corpfiling/AttachLive/7b694782-a294-4deb-a321-8713ab19afda.pdf,,"Proceedings of the 108th AGM of the Company held on 23rd September, 2025",AGM/EGM,1,1,0,https://www.bseindia.com/stock-share-price/balmer-lawrie--company-ltd/balmlawrie/523319/,Balmer Lawrie & Company Ltd,3.0,20,2025-09-23T22:14:49,2025-09-23T22:14:50.007,00:00:01,1338410.0,AGM,,523319.0,3714.2
88f1f1ab-04b7-4dc5-9313-3848613c4480,500125,ANN_500125_88F1F1AB-04B7-4DC5-9313-3848613C4480,EID Parry India Ltd - 500125 - Announcement under Regulation 30 (LODR)-Restructuring,2025-09-23 22:08:34.690,2025-09-23T22:08:34.69,0,A,,N    ,https://www.bseindia.com/xml-data/corpfiling/AttachLive/1e091db3-c87b-43e8-90bf-127ba2562f0d.pdf,,"Dissolution of Alimtec S.A, a wholly owned subsidiary of the company.",Company Update,1,1,0,https://www.bseindia.com/stock-share-price/eid-parry-india-ltd/eidparry/500125/,EID Parry India Ltd,147.0,20,2025-09-23T22:08:34,2025-09-23T22:08:34.69,00:00:00,177119.0,Restructuring,,500125.0,20624.35
9fde1825-4cfa-46e1-8b4f-99029dc30420,544397,ANN_544397_9FDE1825-4CFA-46E1-8B4F-99029DC30420,Ather Energy Ltd - 544397 - Intimation Of Grant Of Stock Options Under Ather Energy ESOP 2025,2025-09-23 21:59:35.787,2025-09-23T21:59:35.787,0,A,,N    ,https://www.bseindia.com/xml-data/corpfiling/AttachLive/7041aa09-22db-4668-9e2f-01363f29ea17.pdf,"Pursuant to Regulation 30 read with Schedule III of the SEBI (Listing Obligations and Disclosure Requirements) Regulations, 2015 (""SEBI Listing Regulations""), we wish to inform that the Nomination and Remuneration Committee (""NRC"") of the Board of Directors of Ather Energy Limited (""the Company"") has approved the grant of 9,79,433 Stock Options under Ather Energy ESOP 2025 (""ESOP Plan"") to the eligible employees of the Company on September 23, 2025.","Pursuant to Regulation 30 read with Schedule III of the SEBI (Listing Obligations and Disclosure Requirements) Regulations, 2015 (""SEBI Listing Regulations""), we wish to inform that the ....",Company Update,1,1,0,https://www.bseindia.com/stock-share-price/ather-energy-ltd/atherenerg/544397/,Ather Energy Ltd,1.0,20,2025-09-23T21:59:35,2025-09-23T21:59:35.787,00:00:00,317198.0,General,,544397.0,12773.5
21ba3987-8455-4d3b-8aaa-fceb1e5e96a2,524735,ANN_524735_21BA3987-8455-4D3B-8AAA-FCEB1E5E96A2,Hikal Ltd - 524735 - Voting Results Under Regulation 44 Of The SEBI Listing Regulations,2025-09-23 21:23:30.007,2025-09-23T21:23:30.007,1,A,,N    ,https://www.bseindia.com/xml-data/corpfiling/AttachLive/c4830702-7c09-439f-9c32-3f396bac64c0.pdf,,"Submission of Voting Results under Regulation 44 of the SEBI (Listing Obligations and Disclosure Requirements) Regulations, 2015",AGM/EGM,1,1,0,https://www.bseindia.com/stock-share-price/hikal-ltd/hikal/524735/,Hikal Ltd,3.0,20,2025-09-23T21:23:29,2025-09-23T21:23:30.007,00:00:01,2192112.0,AGM,,524735.0,4290.87
2f1edbcb-dd67-4828-95fd-7569a9bb697e,513228,ANN_513228_2F1EDBCB-DD67-4828-95FD-7569A9BB697E,Pennar Industries Ltd-$ - 513228 - Announcement under Regulation 30 (LODR)-Analyst / Investor Meet - Outcome,2025-09-23 20:59:15.827,2025-09-23T20:59:15.827,0,A,,N    ,https://www.bseindia.com/xml-data/corpfiling/AttachLive/c9c8d315-6f50-4ff1-a1d0-b45b04c769e0.pdf,,"Post-Intimation of Schedule Investor/Analyst interaction under the SEBI (Listing Obligation and Disclosure Requirements) Regulations, 2015",Company Update,1,1,0,https://www.bseindia.com/stock-share-price/pennar-industries-ltd/penind/513228/,Pennar Industries Ltd-$,80.0,20,2025-09-23T20:59:15,2025-09-23T20:59:15.827,00:00:00,240604.0,Analyst / Investor Meet,,513228.0,3382.75
732ca457-4ec3-45a5-9c20-7fe56fa15985,531768,ANN_531768_732CA457-4EC3-45A5-9C20-7FE56FA15985,Poly Medicure Ltd - 531768 - Announcement under Regulation 30 (LODR)-Updates on Acquisition,2025-09-23 20:51:45.587,2025-09-23T20:51:45.587,1,A,,N    ,https://www.bseindia.com/xml-data/corpfiling/AttachLive/ab7434ad-16b7-4fd1-b9ee-4acdfe445cc6.pdf,"Completion of Acquisition: RisoR Holdings B.V., Amsterdam, Netherlands, a wholly-owned subsidiary of the Company, has completed the acquisition of Pendracare Holdings B.V. and Wellinq Medical B.V., Amsterdam, Netherlands (""PendrCare Group"")","Completion of Acquisition: RisoR Holdings B.V., Amsterdam, Netherlands, a wholly-owned subsidiary of the Company, has completed the acquisition of Pendracare Holdings B.V. and Wellinq Medical ....",Company Update,1,1,0,https://www.bseindia.com/stock-share-price/poly-medicure-ltd/polymed/531768/,Poly Medicure Ltd,2.0,20,2025-09-23T20:51:45,2025-09-23T20:51:45.59,00:00:00,1534651.0,Acquisition,,531768.0,22022.64
ef6d7fba-f6db-4d5f-b91e-8b32b72a28b6,502219,ANN_502219_EF6D7FBA-F6DB-4D5F-B91E-8B32B72A28B6,Borosil Renewables Ltd - 502219 - Shareholder Meeting / Postal Ballot-Scrutinizer''s Report,2025-09-23 20:42:47.010,2025-09-23T20:42:47.01,1,A,,N    ,https://www.bseindia.com/xml-data/corpfiling/AttachLive/8723bee2-dec2-4e62-894e-1b51330d2da7.pdf,,Voting Results & Scrutinizers Report - 62nd AGM,AGM/EGM,1,1,0,https://www.bseindia.com/stock-share-price/borosil-renewables-ltd/bororenew/502219/,Borosil Renewables Ltd,3.0,20,2025-09-23T20:42:46,2025-09-23T20:42:47.01,00:00:01,2576882.0,AGM,,502219.0,7391.64
db299a1e-2ded-4e68-a6fa-d75df19eff5f,532218,ANN_532218_DB299A1E-2DED-4E68-A6FA-D75DF19EFF5F,South Indian Bank Ltd - 532218 - Announcement under Regulation 30 (LODR)-Allotment of ESOP / ESPS,2025-09-23 20:35:57.117,2025-09-23T20:35:57.117,0,A,,N    ,https://www.bseindia.com/xml-data/corpfiling/AttachLive/b9ebdd12-70eb-410e-9338-8b2d1694d18b.pdf,,"Intimation under Regulation 30 of SEBI (LODR) Regulations, 2015 - Allotment of Equity Shares under SIB ESOS Scheme - 2008",Company Update,1,1,0,https://www.bseindia.com/stock-share-price/south-indian-bank-ltd/southbank/532218/,South Indian Bank Ltd,115.0,20,2025-09-23T20:35:57,2025-09-23T20:35:57.117,00:00:00,354961.0,Allotment of ESOP / ESPS,,532218.0,8013.85
363a6039-81a0-4b9b-b4e0-a3c5f1cb714f,500878,ANN_500878_363A6039-81A0-4B9B-B4E0-A3C5F1CB714F,Ceat Ltd - 500878 - Announcement under Regulation 30 (LODR)-Newspaper Publication,2025-09-23 20:28:12.543,2025-09-23T20:28:12.543,0,A,,N    ,https://www.bseindia.com/xml-data/corpfiling/AttachLive/af8c39b3-a95b-4d73-a582-7ebeadc43c82.pdf,,Newspaper Notice,Company Update,1,1,0,https://www.bseindia.com/stock-share-price/ceat-ltd/ceatltd/500878/,Ceat Ltd,144.0,20,2025-09-23T20:28:12,2025-09-23T20:28:12.543,00:00:00,5101080.0,Newspaper Publication,,500878.0,15717.69
53495a25-e1d0-410b-a63f-9a28c68a30f5,541556,ANN_541556_53495A25-E1D0-410B-A63F-9A28C68A30F5,RITES Ltd - 541556 - Announcement under Regulation 30 (LODR)-Press Release / Media Release,2025-09-23 20:26:29.657,2025-09-23T20:26:29.657,0,A,,N    ,https://www.bseindia.com/xml-data/corpfiling/AttachLive/3210023e-9cf8-40bd-9564-eb43a6b4f647.pdf,,Press Release titled 51st AGM RITES approves Final Dividend of Rs.2.65/Shares,Company Update,1,1,0,https://www.bseindia.com/stock-share-price/rites-ltd/rites/541556/,RITES Ltd,35.0,20,2025-09-23T20:26:29,2025-09-23T20:26:29.657,00:00:00,1223495.0,Press Release / Media Release,,541556.0,13440.08
506e4651-ed84-4895-a991-a7af79abfdda,543523,ANN_543523_506E4651-ED84-4895-A991-A7AF79ABFDDA,Campus Activewear Ltd - 543523 - Shareholder Meeting / Postal Ballot-Outcome of AGM,2025-09-23 20:25:15.147,2025-09-23T20:25:15.147,1,A,,N    ,https://www.bseindia.com/xml-data/corpfiling/AttachLive/a8ed9694-55e6-4f08-89ed-a7816679b6cb.pdf,,Proceedings of 17th Annual General Meeting of Company,AGM/EGM,1,1,0,https://www.bseindia.com/stock-share-price/campus-activewear-ltd/campus/543523/,Campus Activewear Ltd,3.0,20,2025-09-23T20:25:15,2025-09-23T20:25:15.147,00:00:00,491068.0,AGM,,543523.0,8737.57
3975297c-3fae-48b3-bc2e-257a8bdedea8,532218,ANN_532218_3975297C-3FAE-48B3-BC2E-257A8BDEDEA8,"South Indian Bank Ltd - 532218 - Announcement under Regulation 30 (LODR)-Code of Conduct under SEBI (PIT) Regulations, 2015",2025-09-23 20:24:50.427,2025-09-23T20:24:50.427,0,A,,N    ,https://www.bseindia.com/xml-data/corpfiling/AttachLive/7938e577-6e64-4402-8925-2fca2736b641.pdf,,"Intimation under Regulation 8(2) SEBI (PIT) Regulations, 2015",Company Update,1,1,0,https://www.bseindia.com/stock-share-price/south-indian-bank-ltd/southbank/532218/,South Indian Bank Ltd,112.0,20,2025-09-23T20:24:50,2025-09-23T20:24:50.427,00:00:00,847746.0,"Code of Conduct under SEBI (PIT) Regulations, 2015",,532218.0,8013.85
8772019b-6114-45b3-b938-c596b381f2f5,544405,ANN_544405_8772019B-6114-45B3-B938-C596B381F2F5,Belrise Industries Ltd - 544405 - Shareholder Meeting / Postal Ballot-Outcome of AGM,2025-09-23 20:21:34.157,2025-09-23T20:21:34.157,1,A,,N    ,https://www.bseindia.com/xml-data/corpfiling/AttachLive/c4b820cf-f2b2-4b3c-9e5c-1d06e839675d.pdf,,"The Belrise Industries Limited has submitted the summary of proceedings of the 29th Annual General Meeting of the Company held on Tuesday, September 23, 2025.",AGM/EGM,1,1,0,https://www.bseindia.com/stock-share-price/belrise-industries-ltd/belrise/544405/,Belrise Industries Ltd,3.0,20,2025-09-23T20:21:34,2025-09-23T20:21:34.157,00:00:00,441704.0,AGM,,544405.0,10594.01
1b7f3bd8-d041-4e24-9481-ef884e0f157a,540710,ANN_540710_1B7F3BD8-D041-4E24-9481-EF884E0F157A,Capacite Infraprojects Ltd - 540710 - Announcement under Regulation 30 (LODR)-Credit Rating,2025-09-23 20:21:24.497,2025-09-23T20:21:24.497,1,A,,N    ,https://www.bseindia.com/xml-data/corpfiling/AttachLive/8a339a12-e79b-4c9a-99dd-31570eebebad.pdf,,Intimation of Credit Rating,Company Update,1,1,0,https://www.bseindia.com/stock-share-price/capacite-infraprojects-ltd/capacite/540710/,Capacite Infraprojects Ltd,46.0,20,2025-09-23T20:21:24,2025-09-23T20:21:24.497,00:00:00,274747.0,Credit Rating,,540710.0,2690.83
be438545-2226-47c9-884c-b8023df0fdf8,543990,ANN_543990_BE438545-2226-47C9-884C-B8023DF0FDF8,Signatureglobal (India) Ltd - 543990 - Shareholder Meeting / Postal Ballot-Outcome of AGM,2025-09-23 20:20:43.397,2025-09-23T20:20:43.397,1,A,,N    ,https://www.bseindia.com/xml-data/corpfiling/AttachLive/f41b88af-5c5c-4389-aedd-d71f1c9b522e.pdf,,"Proceedings of 26th Annual General Meeting of the Company held on 23rd September, 2025",AGM/EGM,1,1,0,https://www.bseindia.com/stock-share-price/signatureglobal-(india)-ltd/signature/543990/,Signatureglobal (India) Ltd,3.0,20,2025-09-23T20:20:43,2025-09-23T20:20:43.397,00:00:00,7163880.0,AGM,,543990.0,17629.88
97125cde-f032-436c-bcf0-f9ada8a72e50,544192,ANN_544192_97125CDE-F032-436C-BCF0-F9ADA8A72E50,Le Travenues Technology Ltd - 544192 - Announcement under Regulation 30 (LODR)-Analyst / Investor Meet - Intimation,2025-09-23 20:20:40.753,2025-09-23T20:20:40.753,0,A,,N    ,https://www.bseindia.com/xml-data/corpfiling/AttachLive/b18c8808-7680-4545-a4cb-05759c8879a5.pdf,,"Schedule of Analysts / Investors Meetings to be held on September 26, 2025",Company Update,1,1,0,https://www.bseindia.com/stock-share-price/le-travenues-technology-ltd/ixigo/544192/,Le Travenues Technology Ltd,80.0,20,2025-09-23T20:20:40,2025-09-23T20:20:40.753,00:00:00,202649.0,Analyst / Investor Meet,,544192.0,6873.04
a9aa35d3-4f36-4f6a-8e3f-06184f887092,534600,ANN_534600_A9AA35D3-4F36-4F6A-8E3F-06184F887092,JTL Industries Ltd - 534600 - Announcement under Regulation 30 (LODR)-Change in Management,2025-09-23 20:15:38.467,2025-09-23T20:15:38.467,0,A,,N    ,https://www.bseindia.com/xml-data/corpfiling/AttachLive/a700b4fe-5bb5-48b5-b70c-e9861071d6ec.pdf,,Appointment/re-appointment of Directors,Company Update,1,1,0,https://www.bseindia.com/stock-share-price/jtl-industries-ltd/jtlind/534600/,JTL Industries Ltd,124.0,20,2025-09-23T20:15:38,2025-09-23T20:15:38.467,00:00:00,758548.0,Change in Management,,534600.0,3173.24
e73e95fa-df93-43ca-880d-7c7051d9fc05,524735,ANN_524735_E73E95FA-DF93-43CA-880D-7C7051D9FC05,Hikal Ltd - 524735 - Shareholder Meeting / Postal Ballot-Outcome of AGM,2025-09-23 20:14:20.947,2025-09-23T20:14:20.947,1,A,,N    ,https://www.bseindia.com/xml-data/corpfiling/AttachLive/6c56921e-319d-494a-abfb-c38896cc849f.pdf,,Outcome of 37th Annual General Meeting,AGM/EGM,1,1,0,https://www.bseindia.com/stock-share-price/hikal-ltd/hikal/524735/,Hikal Ltd,3.0,20,2025-09-23T20:14:20,2025-09-23T20:14:20.947,00:00:00,320388.0,AGM,,524735.0,4290.87
9e633eb1-8edc-4edf-8cf2-1e6fe051e7f5,512179,ANN_512179_9E633EB1-8EDC-4EDF-8CF2-1E6FE051E7F5,"Sunteck Realty Ltd - 512179 - Corrigendum To The Notice Of The Annual General Meeting Of The Company To Be Held On Tuesday, 30Th September, 2025",2025-09-23 20:00:27.330,2025-09-23T20:00:27.33,1,A,,N    ,https://www.bseindia.com/xml-data/corpfiling/AttachLive/f8e3afc8-2a79-4a2b-9109-5e00b84da352.pdf,,"Corrigendum to the Notice of the Annual General Meeting of the Company to be held on Tuesday, 30th September, 2025",AGM/EGM,1,1,0,https://www.bseindia.com/stock-share-price/sunteck-realty-ltd/sunteck/512179/,Sunteck Realty Ltd,3.0,20,2025-09-23T20:00:27,2025-09-23T20:00:27.33,00:00:00,712860.0,AGM,,512179.0,6425.74
9bc07ec5-fa4a-4855-849f-d2e2452f4d94,541233,ANN_541233_9BC07EC5-FA4A-4855-849F-D2E2452F4D94,Lemon Tree Hotels Ltd - 541233 - Announcement under Regulation 30 (LODR)-Press Release / Media Release,2025-09-23 19:58:46.830,2025-09-23T19:58:46.83,0,A,,N    ,https://www.bseindia.com/xml-data/corpfiling/AttachLive/61cab9c0-e472-4981-95c2-0fb2ef86a55f.pdf,"Disclosure under Reg 30 of SEBI (LODR), 2015 that the Company has signed a Franchise Agreement viz. Keys Prima by Lemon Tree Hotels, Varanasi and a License Agreement viz. Keys Select by Lemon Tree Hotels, Rewa.","Disclosure under Reg 30 of SEBI (LODR), 2015 that the Company has signed a Franchise Agreement viz. Keys Prima by Lemon Tree Hotels, Varanasi and a License Agreement viz. Keys Select by ....",Company Update,1,1,0,https://www.bseindia.com/stock-share-price/lemon-tree-hotels-ltd/lemontree/541233/,Lemon Tree Hotels Ltd,35.0,20,2025-09-23T19:58:46,2025-09-23T19:58:46.83,00:00:00,282415.0,Press Release / Media Release,,541233.0,12184.75
0d332b9f-ba9c-4425-9136-8fdd14157879,500655,ANN_500655_0D332B9F-BA9C-4425-9136-8FDD14157879,Garware Hi-Tech Films Ltd - 500655 - Announcement under Regulation 30 (LODR)-Analyst / Investor Meet - Intimation,2025-09-23 19:58:29.320,2025-09-23T19:58:29.32,0,A,,N    ,https://www.bseindia.com/xml-data/corpfiling/AttachLive/cae6789c-a417-468d-9c38-cbbb5e0c9175.pdf,,"Intimation of Schedule of Analyst / Institutional Investor Meeting
",Company Update,1,1,0,https://www.bseindia.com/stock-share-price/garware-hi-tech-films-ltd/grwrhitech/500655/,Garware Hi-Tech Films Ltd,80.0,20,2025-09-23T19:58:29,2025-09-23T19:58:29.32,00:00:00,257914.0,Analyst / Investor Meet,,500655.0,8570.66
a3e19986-c2cc-48ed-a71d-b9d2e3756029,532218,ANN_532218_A3E19986-C2CC-48ED-A71D-B9D2E3756029,"South Indian Bank Ltd - 532218 - Intimation Under Regulation 30 Of The SEBI (Listing Obligations And Disclosure Requirements), Regulations, 2015",2025-09-23 19:57:36.110,2025-09-23T19:57:36.11,0,A,,N    ,https://www.bseindia.com/xml-data/corpfiling/AttachLive/5f97b872-8157-416d-8fd5-4c5046a616fb.pdf,,"Intimation under Regulation 30 of SEBI (LODR) Regulations, 2015",Company Update,1,1,0,https://www.bseindia.com/stock-share-price/south-indian-bank-ltd/southbank/532218/,South Indian Bank Ltd,1.0,20,2025-09-23T19:57:36,2025-09-23T19:57:36.11,00:00:00,359602.0,General,,532218.0,8013.85
0708006c-a9c4-4c77-a7f1-27c75bc592ee,543748,ANN_543748_0708006C-A9C4-4C77-A7F1-27C75BC592EE,Aarti Pharmalabs Ltd - 543748 - Announcement under Regulation 30 (LODR)-Investor Presentation,2025-09-23 19:53:41.613,2025-09-23T19:53:41.613,0,A,,N    ,https://www.bseindia.com/xml-data/corpfiling/AttachLive/bfbef63c-c610-46a5-97e5-f2e40eb3bff2.pdf,,Please find enclosed,Company Update,1,1,0,https://www.bseindia.com/stock-share-price/aarti-pharmalabs-ltd/aartipharm/543748/,Aarti Pharmalabs Ltd,120.0,20,2025-09-23T19:53:41,2025-09-23T19:53:41.613,00:00:00,4501045.0,Investor Presentation,,543748.0,8556.81
8f16356d-4946-4484-b8b3-3d118702a6d8,538734,ANN_538734_8F16356D-4946-4484-B8B3-3D118702A6D8,Ceinsys Tech Ltd - 538734 - Announcement under Regulation 30 (LODR)-Award_of_Order_Receipt_of_Order,2025-09-23 19:37:57.853,2025-09-23T19:37:57.853,1,A,,N    ,https://www.bseindia.com/xml-data/corpfiling/AttachLive/2da70db9-1357-4a1d-87cd-36e444160b79.pdf,,Intimation for receipt of Letter of Award from Mumbai Metropolitan Region Development Authority,Company Update,1,1,0,https://www.bseindia.com/stock-share-price/ceinsys-tech-ltd/ceinsystech/538734/,Ceinsys Tech Ltd,8.0,20,2025-09-23T19:37:57,2025-09-23T19:37:57.853,00:00:00,689732.0,Award of Order / Receipt of Order,,538734.0,2637.8
badeb37d-212d-4acd-9825-47f66ee31344,543748,ANN_543748_BADEB37D-212D-4ACD-9825-47F66EE31344,Aarti Pharmalabs Ltd - 543748 - Announcement under Regulation 30 (LODR)-Change in Management,2025-09-23 19:36:23.280,2025-09-23T19:36:23.28,0,A,,N    ,https://www.bseindia.com/xml-data/corpfiling/AttachLive/66dc8d63-e6d7-41c0-94a1-89207855b4b7.pdf,,Please find enclosed.,Company Update,1,1,0,https://www.bseindia.com/stock-share-price/aarti-pharmalabs-ltd/aartipharm/543748/,Aarti Pharmalabs Ltd,124.0,20,2025-09-23T19:36:23,2025-09-23T19:36:23.28,00:00:00,2977234.0,Change in Management,,543748.0,8556.81
4087450a-a52c-4fe4-b209-4f99a2953865,542726,ANN_542726_4087450A-A52C-4FE4-B209-4F99A2953865,IndiaMART InterMESH Ltd - 542726 - Announcement under Regulation 30 (LODR)-Analyst / Investor Meet - Outcome,2025-09-23 19:34:57.140,2025-09-23T19:34:57.14,0,A,,N    ,https://www.bseindia.com/xml-data/corpfiling/AttachLive/8c47a9cf-8365-4458-b6bc-ee36a252733d.pdf,"Please find enclosed schedule of analyst/ institutional investor meet/call in accordance with Regulation 30 read with Schedule III of the SEBI (Listing Obligations and Disclosure Requirements) Regulations, 2015. 
During the aforesaid meet/call, no unpublished price sensitive information was shared. 
The latest Investor Presentation is available on the website of the Company at https://investor.indiamart.com/FinancialResultsStatements.aspx 
Please take the information on record.",Please find enclosed schedule of analyst/ institutional investor meet/call in accordance with Regulation 30 read with Schedule III of the SEBI (Listing Obligations and Disclosure Requirements) ....,Company Update,1,1,0,https://www.bseindia.com/stock-share-price/indiamart-intermesh-ltd/indiamart/542726/,IndiaMART InterMESH Ltd,80.0,20,2025-09-23T19:34:57,2025-09-23T19:34:57.14,00:00:00,2746935.0,Analyst / Investor Meet,,542726.0,16291.82
40e9ae84-3064-439a-8a70-78b53634ea8e,542726,ANN_542726_40E9AE84-3064-439A-8A70-78B53634EA8E,IndiaMART InterMESH Ltd - 542726 - Announcement under Regulation 30 (LODR)-Analyst / Investor Meet - Outcome,2025-09-23 19:31:54.897,2025-09-23T19:31:54.897,0,A,,N    ,https://www.bseindia.com/xml-data/corpfiling/AttachLive/13db5118-35dc-4675-b328-ba51c73d9697.pdf,"Please find enclosed schedule of analyst/ institutional investor meet/call in accordance with Regulation 30 read with Schedule III of the SEBI (Listing Obligations and Disclosure Requirements) Regulations, 2015.
During the aforesaid meet/call, no unpublished price sensitive information was shared. 
The latest Investor Presentation is available on the website of the Company at https://investor.indiamart.com/FinancialResultsStatements.aspx 
Please take the information on record.",Please find enclosed schedule of analyst/ institutional investor meet/call in accordance with Regulation 30 read with Schedule III of the SEBI (Listing Obligations and Disclosure Requirements) ....,Company Update,1,1,0,https://www.bseindia.com/stock-share-price/indiamart-intermesh-ltd/indiamart/542726/,IndiaMART InterMESH Ltd,80.0,20,2025-09-23T19:31:54,2025-09-23T19:31:54.897,00:00:00,2746821.0,Analyst / Investor Meet,,542726.0,16291.82
32f740c4-74d4-47f8-b099-1150505c609a,532670,ANN_532670_32F740C4-74D4-47F8-B099-1150505C609A,Shree Renuka Sugars Ltd - 532670 - Shareholder Meeting / Postal Ballot-Scrutinizer''s Report,2025-09-23 19:29:07.300,2025-09-23T19:29:07.3,1,A,,N    ,https://www.bseindia.com/xml-data/corpfiling/AttachLive/f467e458-b4e6-4e29-8848-1d500a7c9633.pdf,,"The Company hereby submits the Scrutinizer''s Report and Voting Results of its 29th Annual General meeting held on Tuesday, 23rd September 2025 through video conferencing.",AGM/EGM,1,1,0,https://www.bseindia.com/stock-share-price/shree-renuka-sugars-ltd/renuka/532670/,Shree Renuka Sugars Ltd,3.0,20,2025-09-23T19:29:07,2025-09-23T19:29:07.3,00:00:00,3765235.0,AGM,,532670.0,6906.95
3332066f-a1be-4311-98f1-89dcdf6b882e,520113,ANN_520113_3332066F-A1BE-4311-98F1-89DCDF6B882E,Vesuvius India Ltd - 520113 - Announcement under Regulation 30 (LODR)-Resignation of Director,2025-09-23 19:29:01.120,2025-09-23T19:29:01.12,0,A,,N    ,https://www.bseindia.com/xml-data/corpfiling/AttachLive/2884901b-e1d6-4310-ab93-d6ff8308b8ee.pdf,,Please note that Board of Directors of the Company has accepted the resignation of Mr. Sudipto Sarkar from the directorship of the Company with effect from close of business hour on 23.09.2025.,Company Update,1,1,0,https://www.bseindia.com/stock-share-price/vesuvius-india-ltd/vesuvius/520113/,Vesuvius India Ltd,102.0,20,2025-09-23T19:29:01,2025-09-23T19:29:01.12,00:00:00,721712.0,Resignation of Director,,520113.0,10523.52
5f4ff46b-9b51-46f9-9578-1c525d8c32fc,532670,ANN_532670_5F4FF46B-9B51-46F9-9578-1C525D8C32FC,Shree Renuka Sugars Ltd - 532670 - Shareholder Meeting / Postal Ballot-Outcome of AGM,2025-09-23 19:26:14.820,2025-09-23T19:26:14.82,1,A,,N    ,https://www.bseindia.com/xml-data/corpfiling/AttachLive/5276e5d8-43ca-4632-85e9-94ff2b8139e1.pdf,,"The Company hereby submits the proceedings of its 29th Annual General Meeting held on Tuesday, 23rd September 2025 through video conferencing.",AGM/EGM,1,1,0,https://www.bseindia.com/stock-share-price/shree-renuka-sugars-ltd/renuka/532670/,Shree Renuka Sugars Ltd,3.0,20,2025-09-23T19:26:14,2025-09-23T19:26:14.82,00:00:00,3369420.0,AGM,,532670.0,6906.95
5ade789e-c0e0-4f3f-a9ff-88307bf48ff3,520113,ANN_520113_5ADE789E-C0E0-4F3F-A9FF-88307BF48FF3,Vesuvius India Ltd - 520113 - Announcement under Regulation 30 (LODR)-Cessation,2025-09-23 19:23:53.570,2025-09-23T19:23:53.57,0,A,,N    ,https://www.bseindia.com/xml-data/corpfiling/AttachLive/2db60bbc-7347-4d34-af27-984d8492bf5f.pdf,,"Please note that Mr. Biswadip Gupta and Miss Nayantara Palchoudhuri, Independent Directors of the Company, will be completing their second term on 24.09.2025.",Company Update,1,1,0,https://www.bseindia.com/stock-share-price/vesuvius-india-ltd/vesuvius/520113/,Vesuvius India Ltd,123.0,20,2025-09-23T19:23:53,2025-09-23T19:23:53.57,00:00:00,721712.0,Cessation,,520113.0,10523.52
3384963d-254a-40c3-9688-992bc6b74f8c,520113,ANN_520113_3384963D-254A-40C3-9688-992BC6B74F8C,Vesuvius India Ltd - 520113 - Announcement under Regulation 30 (LODR)-Change in Directorate,2025-09-23 19:19:58.243,2025-09-23T19:19:58.243,0,A,,N    ,https://www.bseindia.com/xml-data/corpfiling/AttachLive/090789ca-2805-4d28-a248-8cfb24ed82ec.pdf,The Board of Directors of the Company has appointed Ms. Rashmi Joshi and Mr. Sridhar Gorthi as Additional Directors under the Independent category with effect from 24.09.2025 and Mr. Biswadip Gupta as Additional Director under the Non-Executive Non-Independent category with effect from 25.09.2025.,The Board of Directors of the Company has appointed Ms. Rashmi Joshi and Mr. Sridhar Gorthi as Additional Directors under the Independent category with effect from 24.09.2025 and Mr. Biswadip ....,Company Update,1,1,0,https://www.bseindia.com/stock-share-price/vesuvius-india-ltd/vesuvius/520113/,Vesuvius India Ltd,15.0,20,2025-09-23T19:19:58,2025-09-23T19:19:58.243,00:00:00,721712.0,Change in Directorate,,520113.0,10523.52
7d78f099-49bb-4484-ae17-ac283abdbf6b,534600,ANN_534600_7D78F099-49BB-4484-AE17-AC283ABDBF6B,JTL Industries Ltd - 534600 - Intimation Under Regulation 30- Shareholders'' Approval To Employee Stock Option Scheme,2025-09-23 19:15:42.610,2025-09-23T19:15:42.61,0,A,,N    ,https://www.bseindia.com/xml-data/corpfiling/AttachLive/d35a3c86-b9d1-4de4-aba2-ecb2a7e21ba3.pdf,,Shareholders'' Approval to Employee Stock Option Scheme,Company Update,1,1,0,https://www.bseindia.com/stock-share-price/jtl-industries-ltd/jtlind/534600/,JTL Industries Ltd,1.0,20,2025-09-23T19:15:42,2025-09-23T19:15:42.61,00:00:00,1111639.0,General,,534600.0,3173.24
e1bf1765-832d-439e-a873-748fd4602a6b,541233,ANN_541233_E1BF1765-832D-439E-A873-748FD4602A6B,Lemon Tree Hotels Ltd - 541233 - Announcement under Regulation 30 (LODR)-Press Release / Media Release,2025-09-23 19:12:13.490,2025-09-23T19:12:13.49,0,A,,N    ,https://www.bseindia.com/xml-data/corpfiling/AttachLive/a5abaa8b-1bbb-491f-928e-b388a5750266.pdf,,"Disclosure under Reg 30 of SEBI (LODR) Regulations, 2015 - Opening of Keys Lite by Lemon Tree Hotels, Krishna, Vijayawada.",Company Update,1,1,0,https://www.bseindia.com/stock-share-price/lemon-tree-hotels-ltd/lemontree/541233/,Lemon Tree Hotels Ltd,35.0,20,2025-09-23T19:12:13,2025-09-23T19:12:13.49,00:00:00,303441.0,Press Release / Media Release,,541233.0,12184.75
47da15cd-3e73-494c-8b8e-121d04093e6a,538891,ANN_538891_47DA15CD-3E73-494C-8B8E-121D04093E6A,Magellanic Cloud Ltd - 538891 - Shareholder Meeting / Postal Ballot-Outcome of AGM,2025-09-23 19:06:46.603,2025-09-23T19:06:46.603,1,A,,N    ,https://www.bseindia.com/xml-data/corpfiling/AttachLive/b34e1f0e-c18e-4b3c-8f64-43b67ee41ae1.pdf,"This is to inform you that the 44th Annual General Meeting of the members of Magellanic Cloud Limited was held today i.e. Tuesday, September 23, 2025 through Video Conferencing/ Other Audio Visual Means (VC/OAVM). 

Please find the enclosed Proceeding of the meeting.","This is to inform you that the 44th Annual General Meeting of the members of Magellanic Cloud Limited was held today i.e. Tuesday, September 23, 2025 through Video Conferencing/ Other Audio ....",AGM/EGM,1,1,0,https://www.bseindia.com/stock-share-price/magellanic-cloud-ltd/mcloud/538891/,Magellanic Cloud Ltd,3.0,20,2025-09-23T19:06:46,2025-09-23T19:06:46.603,00:00:00,1059448.0,AGM,,538891.0,4762.82
9fca15fc-4f61-4fa6-b663-ed22b84ad831,532945,ANN_532945_9FCA15FC-4F61-4FA6-B663-ED22B84AD831,SEPC Ltd - 532945 - Announcement under Regulation 30 (LODR)-Change in Management,2025-09-23 18:58:12.607,2025-09-23T18:58:12.607,0,A,,N    ,https://www.bseindia.com/xml-data/corpfiling/AttachLive/0679833f-8cd3-4c13-acd1-c2d0bfc63675.pdf,We hereby inform the Exchange of the completion of tenure of Mr. N K Suryanarayanan (DIN: 01714066) as Managing Director and CEO of the Company and his continuation as a Non-Executive Director of the Company. Detailed letter is enclosed.,We hereby inform the Exchange of the completion of tenure of Mr. N K Suryanarayanan (DIN: 01714066) as Managing Director and CEO of the Company and his continuation as a Non-Executive Director ....,Company Update,1,1,0,https://www.bseindia.com/stock-share-price/sepc-ltd/sepc/532945/,SEPC Ltd,124.0,20,2025-09-23T18:58:12,2025-09-23T18:58:12.607,00:00:00,236014.0,Change in Management,,532945.0,2651.74
066ce430-84da-4089-9b39-ec0234d88ff8,524735,ANN_524735_066CE430-84DA-4089-9B39-EC0234D88FF8,Hikal Ltd - 524735 - Shareholder Meeting / Postal Ballot-Scrutinizer''s Report,2025-09-23 18:56:20.143,2025-09-23T18:56:20.143,1,A,,N    ,https://www.bseindia.com/xml-data/corpfiling/AttachLive/2cac1204-e381-4806-b8a9-365868ca66c1.pdf,,Submission of Summary of proceedings alongwith Scrutinizers Report for the E-voting at the 37th Annual General Meeting.,AGM/EGM,1,1,0,https://www.bseindia.com/stock-share-price/hikal-ltd/hikal/524735/,Hikal Ltd,3.0,20,2025-09-23T18:56:20,2025-09-23T18:56:20.143,00:00:00,2063528.0,AGM,,524735.0,4290.87
5d10531a-23e7-41ff-a5f4-27b8660cda62,520113,ANN_520113_5D10531A-23E7-41FF-A5F4-27B8660CDA62,"Vesuvius India Ltd - 520113 - Board Meeting Outcome for Outcome Of The Board Meeting Held On September 23, 2025- Change Of Directorate",2025-09-23 18:56:05.787,2025-09-23T18:56:05.787,0,A,,N    ,https://www.bseindia.com/xml-data/corpfiling/AttachLive/5830dd53-b629-4a62-816c-ad12f44791cc.pdf,,"Outcome of the Board Meeting held on September 23, 2025 for Change of Directorate",Others,1,1,0,https://www.bseindia.com/stock-share-price/vesuvius-india-ltd/vesuvius/520113/,Vesuvius India Ltd,223.0,20,2025-09-23T18:56:03,2025-09-23T18:56:05.787,00:00:02,721712.0,Outcome without intimation,,520113.0,10523.52
93a960cd-ad2c-4520-9caf-ba9bd1617e7b,544045,ANN_544045_93A960CD-AD2C-4520-9CAF-BA9BD1617E7B,"DOMS Industries Ltd - 544045 - Announcement Under Regulation 30 Of SEBI LODR Regulations, 2015",2025-09-23 18:55:36.170,2025-09-23T18:55:36.17,0,A,,N    ,https://www.bseindia.com/xml-data/corpfiling/AttachLive/b5903973-799c-4f36-9793-e304ea8d378d.pdf,,"Disclosure of Events/ Information under Regulation 30 of SEBI LODR Regulations, 2015",Company Update,1,1,0,https://www.bseindia.com/stock-share-price/doms-industries-ltd/doms/544045/,DOMS Industries Ltd,1.0,20,2025-09-23T18:55:36,2025-09-23T18:55:36.17,00:00:00,2847111.0,General,,544045.0,14679.42
985b72bc-af44-4bfd-b7e0-831465ad4c08,523704,ANN_523704_985B72BC-AF44-4BFD-B7E0-831465AD4C08,"Mastek Ltd - 523704 - Gist Of Proceedings Of The 43Rd Annual General Meeting Of The Company Held On September 23, 2025",2025-09-23 18:54:34.870,2025-09-23T18:54:34.87,0,A,,N    ,https://www.bseindia.com/xml-data/corpfiling/AttachLive/39b43979-2a57-4b66-8a3d-05ba54225910.pdf,,"Gist of Proceedings at the 43rd Annual General Meeting of the Company held on September 23, 2025",Company Update,1,1,0,https://www.bseindia.com/stock-share-price/mastek-ltd/mastek/523704/,Mastek Ltd,1.0,20,2025-09-23T18:54:34,2025-09-23T18:54:34.87,00:00:00,343230.0,General,,523704.0,7822.92
a97b9c68-8e05-482a-9e48-c227958b763b,534600,ANN_534600_A97B9C68-8E05-482A-9E48-C227958B763B,JTL Industries Ltd - 534600 - Shareholder Meeting / Postal Ballot-Scrutinizer''s Report,2025-09-23 18:54:11.390,2025-09-23T18:54:11.39,1,A,,N    ,https://www.bseindia.com/xml-data/corpfiling/AttachLive/96153ea8-adf3-40d4-82a7-2e01305e2184.pdf,,Scrutinizer''s Report,AGM/EGM,1,1,0,https://www.bseindia.com/stock-share-price/jtl-industries-ltd/jtlind/534600/,JTL Industries Ltd,3.0,20,2025-09-23T18:54:11,2025-09-23T18:54:11.39,00:00:00,2350540.0,AGM,,534600.0,3173.24
fa4fc231-3e8d-49c9-b0d1-33f28520c3de,540065,ANN_540065_FA4FC231-3E8D-49C9-B0D1-33F28520C3DE,RBL Bank Ltd - 540065 - Announcement under Regulation 30 (LODR)-Analyst / Investor Meet - Outcome,2025-09-23 18:52:44.710,2025-09-23T18:52:44.71,0,A,,N    ,https://www.bseindia.com/xml-data/corpfiling/AttachLive/c2dd8aa7-bca5-40a0-92e7-736c5bcaf7ac.pdf,,RBL Bank Limited informs the exchange about Analyst Meet.,Company Update,1,1,0,https://www.bseindia.com/stock-share-price/rbl-bank-ltd/rblbank/540065/,RBL Bank Ltd,80.0,20,2025-09-23T18:52:44,2025-09-23T18:52:44.71,00:00:00,225757.0,Analyst / Investor Meet,,540065.0,16039.78
30386016-e9ed-498f-a367-a519b3290191,544408,ANN_544408_30386016-E9ED-498F-A367-A519B3290191,Schloss Bangalore Ltd - 544408 - Announcement under Regulation 30 (LODR)-Change of Company Name,2025-09-23 18:52:02.363,2025-09-23T18:52:02.363,0,A,,N    ,https://www.bseindia.com/xml-data/corpfiling/AttachLive/5d69efcf-d284-4cdd-a5d0-864cb55e4bd1.pdf,,Disclosure regarding change of name of the Company from ''Schloss Bangalore Limited'' to ''Leela Palaces Hotels & Resorts Limited'',Company Update,1,1,0,https://www.bseindia.com/stock-share-price/schloss-bangalore-ltd/theleela/544408/,Schloss Bangalore Ltd,47.0,20,2025-09-23T18:52:02,2025-09-23T18:52:02.363,00:00:00,151489.0,Change of Name,,544408.0,14550.54
a223f150-dd26-44c3-8963-0bc71811b6be,506222,ANN_506222_A223F150-DD26-44C3-8963-0BC71811B6BE,Styrenix Performance Materials Ltd - 506222 - Announcement under Regulation 30 (LODR)-Analyst / Investor Meet - Intimation,2025-09-23 18:51:44.010,2025-09-23T18:51:44.01,0,A,,N    ,https://www.bseindia.com/xml-data/corpfiling/AttachLive/bfe17c7f-657a-4e29-9954-3dbb1ee5a481.pdf,,Intimation regarding one to one meeting with investor / analyst.,Company Update,1,1,0,https://www.bseindia.com/stock-share-price/styrenix-performance-materials-ltd/styrenix/506222/,Styrenix Performance Materials Ltd,80.0,20,2025-09-23T18:51:43,2025-09-23T18:51:44.01,00:00:01,208435.0,Analyst / Investor Meet,,506222.0,5583.17
916fa532-5940-4cbb-b49f-5eabdb3efd84,534600,ANN_534600_916FA532-5940-4CBB-B49F-5EABDB3EFD84,JTL Industries Ltd - 534600 - Shareholder Meeting / Postal Ballot-Outcome of AGM,2025-09-23 18:51:01.770,2025-09-23T18:51:01.77,1,A,,N    ,https://www.bseindia.com/xml-data/corpfiling/AttachLive/0190e833-9713-45b4-a933-e2ff14678e23.pdf,,Proceedings of Annual General Meeting and Scrutinizer''s Report,AGM/EGM,1,1,0,https://www.bseindia.com/stock-share-price/jtl-industries-ltd/jtlind/534600/,JTL Industries Ltd,3.0,20,2025-09-23T18:51:01,2025-09-23T18:51:01.77,00:00:00,2350540.0,AGM,,534600.0,3173.24
9d544983-ec7e-4f42-9bb5-379272c372f9,544397,ANN_544397_9D544983-EC7E-4F42-9BB5-379272C372F9,Ather Energy Ltd - 544397 - Transcript Of 12Th Annual General Meeting,2025-09-23 18:49:49.537,2025-09-23T18:49:49.537,0,A,,N    ,https://www.bseindia.com/xml-data/corpfiling/AttachLive/f7ba1287-80e0-4661-8d79-de0649f4924f.pdf,"Please find enclosed herewith the transcript of the 12th Annual General Meeting of the Company held on Wednesday, September 17, 2025 at 11 a.m. (IST) through Video Conferencing/Other Audio-Visual means.","Please find enclosed herewith the transcript of the 12th Annual General Meeting of the Company held on Wednesday, September 17, 2025 at 11 a.m. (IST) through Video Conferencing/Other Audio-Visual ....",Company Update,1,1,0,https://www.bseindia.com/stock-share-price/ather-energy-ltd/atherenerg/544397/,Ather Energy Ltd,1.0,20,2025-09-23T18:49:49,2025-09-23T18:49:49.537,00:00:00,580463.0,General,,544397.0,12773.5
3627af30-6970-407e-a431-9e57eefc550a,542399,ANN_542399_3627AF30-6970-407E-A431-9E57EEFC550A,"Chalet Hotels Ltd - 542399 - Redemption Of 0.00% Non-Cumulative, Non-Convertible Redeemable Preference Shares",2025-09-23 18:47:02.580,2025-09-23T18:47:02.58,0,A,,N    ,https://www.bseindia.com/xml-data/corpfiling/AttachLive/0a526823-e91b-4962-a6c9-1f48de55493e.pdf,"Pursuant to the provisions of Regulation 30 and Regulation 51 of Listing Regulations, this is to inform that the Company has today i.e. September 23, 2025 redeemed 6000 Series A and 4000 Series B- 0.00% Non-Cumulative, Non-Convertible Redeemable Preference Shares having face value of Rs.1,00,000 each at par aggregating to Rs.1000 Million out of the profits of the Company available for distribution.","Pursuant to the provisions of Regulation 30 and Regulation 51 of Listing Regulations, this is to inform that the Company has today i.e. September 23, 2025 redeemed 6000 Series A and 4000 ....",Company Update,1,1,0,https://www.bseindia.com/stock-share-price/chalet-hotels-ltd/chalet/542399/,Chalet Hotels Ltd,1.0,20,2025-09-23T18:47:02,2025-09-23T18:47:02.58,00:00:00,302995.0,General,,542399.0,19616.07
34e78d2d-e74f-4b9b-9beb-855c18c26382,524558,ANN_524558_34E78D2D-E74F-4B9B-9BEB-855C18C26382,Neuland Laboratories Ltd - 524558 - Announcement under Regulation 30 (LODR)-Change in Management,2025-09-23 18:47:00.957,2025-09-23T18:47:00.957,0,A,,N    ,https://www.bseindia.com/xml-data/corpfiling/AttachLive/06bdf061-621c-4952-86c9-c82233d3c3b3.pdf,,Change in Designation,Company Update,1,1,0,https://www.bseindia.com/stock-share-price/neuland-laboratories-ltd/neulandlab/524558/,Neuland Laboratories Ltd,124.0,20,2025-09-23T18:47:00,2025-09-23T18:47:00.957,00:00:00,252161.0,Change in Management,,524558.0,19628.32
5afc9257-a4d3-42f7-9ab4-09f3ce32c79c,532652,ANN_532652_5AFC9257-A4D3-42F7-9AB4-09F3CE32C79C,Karnataka Bank Ltd - 532652 - Announcement under Regulation 30 (LODR)-Change in Management,2025-09-23 18:45:47.813,2025-09-23T18:45:47.813,0,A,,N    ,https://www.bseindia.com/xml-data/corpfiling/AttachLive/a437b847-34a6-40c5-b813-9e9c1e7535a1.pdf,,Change in Directorship of the Bank,Company Update,1,1,0,https://www.bseindia.com/stock-share-price/karnataka-bank-ltd/ktkbank/532652/,Karnataka Bank Ltd,124.0,20,2025-09-23T18:45:47,2025-09-23T18:45:47.813,00:00:00,398432.0,Change in Management,,532652.0,7296.68
9f7bc1a8-b9b5-4f02-8511-a2334a380a9d,532891,ANN_532891_9F7BC1A8-B9B5-4F02-8511-A2334A380A9D,Puravankara Ltd - 532891 - Announcement under Regulation 30 (LODR)-Resignation of Chief Financial Officer (CFO),2025-09-23 18:43:33.117,2025-09-23T18:43:33.117,0,A,,N    ,https://www.bseindia.com/xml-data/corpfiling/AttachLive/7fa89ec9-e6e2-49c8-95dc-10c635bfabbd.pdf,,"Mr. Deepak Rastogi has resigned as Group CFO of the Company with effect from the close of the business hours September 23, 2025.",Company Update,1,1,0,https://www.bseindia.com/stock-share-price/puravankara-ltd/purva/532891/,Puravankara Ltd,106.0,20,2025-09-23T18:43:33,2025-09-23T18:43:33.117,00:00:00,366101.0,Resignation of Chief Financial Officer (CFO),,532891.0,6863.11
09206689-41f7-46b4-8b6b-3bef334a93bf,544209,ANN_544209_09206689-41F7-46B4-8B6B-3BEF334A93BF,Bansal Wire Industries Ltd - 544209 - Announcement under Regulation 30 (LODR)-Analyst / Investor Meet - Intimation,2025-09-23 18:41:44.190,2025-09-23T18:41:44.19,0,A,,N    ,https://www.bseindia.com/xml-data/corpfiling/AttachLive/8b70c038-b566-4f26-bc01-3bdb916ee897.pdf,,"Bansal Wire Industries Limited has informed the Exchange about schedule of investors/analysts plant visit on September 26, 2025 followed by meeting of the management of the Company.",Company Update,1,1,0,https://www.bseindia.com/stock-share-price/bansal-wire-industries-ltd/bansalwire/544209/,Bansal Wire Industries Ltd,80.0,20,2025-09-23T18:41:44,2025-09-23T18:41:44.19,00:00:00,554986.0,Analyst / Investor Meet,,544209.0,6396.88
6846f1ac-72af-4067-bc7d-ab17d9be137e,530549,ANN_530549_6846F1AC-72AF-4067-BC7D-AB17D9BE137E,Shilpa Medicare Ltd - 530549 - Shareholder Meeting / Postal Ballot-Scrutinizer''s Report,2025-09-23 18:41:32.130,2025-09-23T18:41:32.13,1,A,,N    ,https://www.bseindia.com/xml-data/corpfiling/AttachLive/de085441-b16d-4816-9aaa-20ede2d128d8.pdf,,"Scrutinizer Report and voting results of 38th Annual General Meeting as per regulation 44 of SEBI (Listing Obligation and Disclosure Requirements) Regulations, 2015.",AGM/EGM,1,1,0,https://www.bseindia.com/stock-share-price/shilpa-medicare-ltd/shilpamed/530549/,Shilpa Medicare Ltd,3.0,20,2025-09-23T18:41:32,2025-09-23T18:41:32.13,00:00:00,1046666.0,AGM,,530549.0,8829.05
4fedc049-f139-493f-a7b8-d8b350a247e6,541556,ANN_541556_4FEDC049-F139-493F-A7B8-D8B350A247E6,RITES Ltd - 541556 - Shareholder Meeting / Postal Ballot-Scrutinizer''s Report,2025-09-23 18:40:58.670,2025-09-23T18:40:58.67,1,A,,N    ,https://www.bseindia.com/xml-data/corpfiling/AttachLive/5334b894-1ef8-4937-8875-668a31fdda65.pdf,,Voting Results and Consolidated Scrutinizer''s Report on e-voting of 51st AGM.,AGM/EGM,1,1,0,https://www.bseindia.com/stock-share-price/rites-ltd/rites/541556/,RITES Ltd,3.0,20,2025-09-23T18:40:58,2025-09-23T18:40:58.67,00:00:00,8518100.0,AGM,,541556.0,13440.08
3f0a33b9-7dde-4839-b5fa-331ed118b71d,532891,ANN_532891_3F0A33B9-7DDE-4839-B5FA-331ED118B71D,Puravankara Ltd - 532891 - Announcement under Regulation 30 (LODR)-Change in Management,2025-09-23 18:40:25.530,2025-09-23T18:40:25.53,0,A,,N    ,https://www.bseindia.com/xml-data/corpfiling/AttachLive/65bb0c78-1af8-4a9c-ab7f-0c5c8934503a.pdf,"Resignation of Mr. Deepak Rastogi as Group CFO of the Company with effect from September 23, 2025 and elevated Mr. Niraj Gautam from Deputy CFO to CFO and Key Managerial Personnel of the Company with effect from September 24, 2025.","Resignation of Mr. Deepak Rastogi as Group CFO of the Company with effect from September 23, 2025 and elevated Mr. Niraj Gautam from Deputy CFO to CFO and Key Managerial Personnel of the ....",Company Update,1,1,0,https://www.bseindia.com/stock-share-price/puravankara-ltd/purva/532891/,Puravankara Ltd,124.0,20,2025-09-23T18:40:25,2025-09-23T18:40:25.53,00:00:00,366101.0,Change in Management,,532891.0,6863.11
27d4cc75-188e-4346-967a-d639638d36cf,500148,ANN_500148_27D4CC75-188E-4346-967A-D639638D36CF,Uflex Ltd - 500148 - Announcement under Regulation 30 (LODR)-Investor Presentation,2025-09-23 18:40:03.293,2025-09-23T18:40:03.293,0,A,,N    ,https://www.bseindia.com/xml-data/corpfiling/AttachLive/6f834a0c-925b-4d3a-ac75-5026304c1f25.pdf,,Updates on In-person Non-Deal Roadshow (NDR) of Investor Meetings,Company Update,1,1,0,https://www.bseindia.com/stock-share-price/uflex-ltd/uflex/500148/,Uflex Ltd,120.0,20,2025-09-23T18:40:03,2025-09-23T18:40:03.293,00:00:00,6113606.0,Investor Presentation,,500148.0,4325.11
4e0bc935-b038-4652-b17b-7dc33547f43d,532652,ANN_532652_4E0BC935-B038-4652-B17B-7DC33547F43D,Karnataka Bank Ltd - 532652 - Announcement under Regulation 30 (LODR)-Amendments to Memorandum & Articles of Association,2025-09-23 18:39:19.923,2025-09-23T18:39:19.923,0,A,,N    ,https://www.bseindia.com/xml-data/corpfiling/AttachLive/5d05059f-3bc6-479d-acfe-d0324fdf4427.pdf,,Amendment to the Articles of Association of the Bank,Company Update,1,1,0,https://www.bseindia.com/stock-share-price/karnataka-bank-ltd/ktkbank/532652/,Karnataka Bank Ltd,113.0,20,2025-09-23T18:39:19,2025-09-23T18:39:19.923,00:00:00,407988.0,Amendments to Memorandum & Articles of Association,,532652.0,7296.68
aa12a456-3134-4d6b-9c7f-5261202ada5a,500031,ANN_500031_AA12A456-3134-4D6B-9C7F-5261202ADA5A,Bajaj Electricals Ltd-$ - 500031 - Board Meeting Outcome for Consent Of The Board Of Directors Of Bajaj Electricals Limited (The 'Company') For The Acquisition Of The 'Morphy Richards' Brand,2025-09-23 18:39:13.753,2025-09-23T18:39:13.753,0,A,,N    ,https://www.bseindia.com/xml-data/corpfiling/AttachLive/0b63d249-6e1f-4df2-91dd-bbcdedce9ca3.pdf,,Please refer to the enclosed file.,Others,1,1,0,https://www.bseindia.com/stock-share-price/bajaj-electricals-ltd/bajajelec/500031/,Bajaj Electricals Ltd-$,223.0,20,2025-09-23T18:39:08,2025-09-23T18:39:13.753,00:00:05,237640.0,Outcome without intimation,,500031.0,7803.23
00e51aaa-b9d6-4020-9896-28d8f29e6c72,532799,ANN_532799_00E51AAA-B9D6-4020-9896-28D8F29E6C72,"Hubtown Ltd - 532799 - Shareholder Meeting / Postal Ballot-Scrutinizer""s Report",2025-09-23 18:37:35.030,2025-09-23T18:37:35.03,1,A,,N    ,https://www.bseindia.com/xml-data/corpfiling/AttachLive/ab391cd1-36ea-4f42-b40f-20156c74ed30.pdf,,"Details of voting results of Extre-ordinary General Meeting of the Hubtown Limited held on September 23, 2025",AGM/EGM,1,1,0,https://www.bseindia.com/stock-share-price/hubtown-ltd/hubtown/532799/,Hubtown Ltd,28.0,20,2025-09-23T18:37:34,2025-09-23T18:37:35.03,00:00:01,724331.0,EGM,,532799.0,4059.88
9dc87fa3-7936-4bdd-8e36-9b6ba026f23f,532960,ANN_532960_9DC87FA3-7936-4BDD-8E36-9B6BA026F23F,Dhani Services Ltd - 532960 - Shareholder Meeting / Postal Ballot-Outcome of AGM,2025-09-23 18:36:07.463,2025-09-23T18:36:07.463,1,A,,N    ,https://www.bseindia.com/xml-data/corpfiling/AttachLive/3b019a8d-7648-457f-9a4c-e560c4c12512.pdf,,Please find attached proceedings of 30th Annual General Meeting of the Company.,AGM/EGM,1,1,0,https://www.bseindia.com/stock-share-price/dhani-services-ltd/dhani/532960/,Dhani Services Ltd,3.0,20,2025-09-23T18:36:07,2025-09-23T18:36:07.463,00:00:00,731040.0,AGM,,532960.0,3948.16
14eb7b8d-00f1-466a-afc0-9e694efe5dc2,532652,ANN_532652_14EB7B8D-00F1-466A-AFC0-9E694EFE5DC2,Karnataka Bank Ltd - 532652 - Appointment Of Secretarial Auditors Of The Bank,2025-09-23 18:35:42.957,2025-09-23T18:35:42.957,0,A,,N    ,https://www.bseindia.com/xml-data/corpfiling/AttachLive/d1d24a8b-c917-4714-8b4d-4393f8fd82fb.pdf,,Appointment of Secretarial Auditors of the Bank,Company Update,1,1,0,https://www.bseindia.com/stock-share-price/karnataka-bank-ltd/ktkbank/532652/,Karnataka Bank Ltd,1.0,20,2025-09-23T18:35:42,2025-09-23T18:35:42.957,00:00:00,411880.0,General,,532652.0,7296.68
91b05c41-11c1-410c-83ef-381d1b5d491e,513375,ANN_513375_91B05C41-11C1-410C-83EF-381D1B5D491E,Carborundum Universal Ltd - 513375 - Announcement under Regulation 30 (LODR)-Allotment of ESOP / ESPS,2025-09-23 18:32:31.240,2025-09-23T18:32:31.24,0,A,,N    ,https://www.bseindia.com/xml-data/corpfiling/AttachLive/2f348b73-64d5-41b5-b909-255d450e5166.pdf,,Enclosed ESOP intimation for allotment of equity shares on 23rd September 2025,Company Update,1,1,0,https://www.bseindia.com/stock-share-price/carborundum-universal-ltd/carboruniv/513375/,Carborundum Universal Ltd,115.0,20,2025-09-23T18:32:31,2025-09-23T18:32:31.24,00:00:00,371638.0,Allotment of ESOP / ESPS,,513375.0,18759.59
3769c8e2-ffca-4981-9fbf-9daaa46a4a08,532652,ANN_532652_3769C8E2-FFCA-4981-9FBF-9DAAA46A4A08,Karnataka Bank Ltd - 532652 - Announcement under Regulation 30 (LODR)-Appointment of Statutory Auditor/s,2025-09-23 18:31:19.800,2025-09-23T18:31:19.8,0,A,,N    ,https://www.bseindia.com/xml-data/corpfiling/AttachLive/f3a27726-7f20-4af6-b97b-e9868295b8a8.pdf,,Appointment of joint statutory auditors of the Bank,Company Update,1,1,0,https://www.bseindia.com/stock-share-price/karnataka-bank-ltd/ktkbank/532652/,Karnataka Bank Ltd,156.0,20,2025-09-23T18:31:19,2025-09-23T18:31:19.8,00:00:00,414085.0,Appointment of Statutory Auditor/s,,532652.0,7296.68
1baea58d-fb50-4581-ad41-7909b3e61dfe,544209,ANN_544209_1BAEA58D-FB50-4581-AD41-7909B3E61DFE,"Bansal Wire Industries Ltd - 544209 - Transcript Of 40Th Annual General Meeting Of Bansal Wire Industries Limited Held On September 19, 2025",2025-09-23 18:30:07.207,2025-09-23T18:30:07.207,0,A,,N    ,https://www.bseindia.com/xml-data/corpfiling/AttachLive/386056b9-b6dc-4430-a9ad-c0890886fd13.pdf,,"Transcript of 40th Annual General Meeting of Bansal Wire Industries Limited held on Friday September 19, 2025 at 01:00 p.m. (IST)",Company Update,1,1,0,https://www.bseindia.com/stock-share-price/bansal-wire-industries-ltd/bansalwire/544209/,Bansal Wire Industries Ltd,1.0,20,2025-09-23T18:30:07,2025-09-23T18:30:07.207,00:00:00,3701486.0,General,,544209.0,6396.88
d94651da-7a5e-44c2-b40a-43d9a5b3e9ce,544403,ANN_544403_D94651DA-7A5E-44C2-B40A-43D9A5B3E9CE,Aditya Birla Lifestyle Brands Ltd - 544403 - Shareholder Meeting / Postal Ballot-Outcome of AGM,2025-09-23 18:30:02.627,2025-09-23T18:30:02.627,1,A,,N    ,https://www.bseindia.com/xml-data/corpfiling/AttachLive/fcd22f2a-7112-472c-8948-12bf5e9b4d56.pdf,,Proceedings of the 1st Annual General Meeting of the Company,AGM/EGM,1,1,0,https://www.bseindia.com/stock-share-price/aditya-birla-lifestyle-brands-ltd/ablbl/544403/,Aditya Birla Lifestyle Brands Ltd,3.0,20,2025-09-23T18:30:02,2025-09-23T18:30:02.627,00:00:00,424519.0,AGM,,544403.0,19042.7
7a782d3c-1536-4e7a-8600-56f86478e049,543748,ANN_543748_7A782D3C-1536-4E7A-8600-56F86478E049,Aarti Pharmalabs Ltd - 543748 - Shareholder Meeting / Postal Ballot-Scrutinizer''s Report,2025-09-23 18:24:47.947,2025-09-23T18:24:47.947,1,A,,N    ,https://www.bseindia.com/xml-data/corpfiling/AttachLive/1cb7126b-7aed-499d-8830-5acec139c8cd.pdf,,Scrutinizers Report and Voting Result of 6th Annual General Meeting.,AGM/EGM,1,1,0,https://www.bseindia.com/stock-share-price/aarti-pharmalabs-ltd/aartipharm/543748/,Aarti Pharmalabs Ltd,3.0,20,2025-09-23T18:24:47,2025-09-23T18:24:47.947,00:00:00,9172628.0,AGM,,543748.0,8556.81
659f1882-8565-4ca6-9df0-08779d7f89a2,532652,ANN_532652_659F1882-8565-4CA6-9DF0-08779D7F89A2,Karnataka Bank Ltd - 532652 - Shareholder Meeting / Postal Ballot-Outcome of AGM,2025-09-23 18:23:24.010,2025-09-23T18:23:24.01,1,A,,N    ,https://www.bseindia.com/xml-data/corpfiling/AttachLive/a9d69a20-7a08-446f-a254-8d842d168a73.pdf,,Summary Proceedings of the 101st Annual General Meeting of the Bank,AGM/EGM,1,1,0,https://www.bseindia.com/stock-share-price/karnataka-bank-ltd/ktkbank/532652/,Karnataka Bank Ltd,3.0,20,2025-09-23T18:23:23,2025-09-23T18:23:24.01,00:00:01,826235.0,AGM,,532652.0,7296.68
28ca6d92-f625-4bdb-9581-aee2bdca5778,506655,ANN_506655_28CA6D92-F625-4BDB-9581-AEE2BDCA5778,Sudarshan Chemical Industries Ltd - 506655 - Statement Of Deviation-Q1FY26,2025-09-23 18:17:26.570,2025-09-23T18:17:26.57,0,A,,N    ,https://www.bseindia.com/xml-data/corpfiling/AttachLive/1d040536-e2b5-479f-891b-4442cb876fac.pdf,,Statement of Deviation for Q1FY26,Company Update,1,1,0,https://www.bseindia.com/stock-share-price/sudarshan-chemical-industries-ltd/sudarschem/506655/,Sudarshan Chemical Industries Ltd,84.0,20,2025-09-23T18:17:26,2025-09-23T18:17:26.57,00:00:00,957624.0,"Reg. 32 (1), (3) - Statement of Deviation & Variation",,506655.0,9926.11
73dae4f9-15b0-4e1f-9411-8730d6bb7667,535755,ANN_535755_73DAE4F9-15B0-4E1F-9411-8730D6BB7667,Aditya Birla Fashion and Retail Ltd - 535755 - Shareholder Meeting / Postal Ballot-Outcome of AGM,2025-09-23 18:12:22.573,2025-09-23T18:12:22.573,1,A,,N    ,https://www.bseindia.com/xml-data/corpfiling/AttachLive/f7371333-2ef5-4269-be75-9744bdf04600.pdf,,Proceedings of 18th Annual General Meeting of the Company,AGM/EGM,1,1,0,https://www.bseindia.com/stock-share-price/aditya-birla-fashion-and-retail-ltd/abfrl/535755/,Aditya Birla Fashion and Retail Ltd,3.0,20,2025-09-23T18:12:22,2025-09-23T18:12:22.573,00:00:00,422218.0,AGM,,535755.0,9399.71
b0d32a44-6bf4-4997-9aa2-4c12998a84f9,524742,ANN_524742_B0D32A44-6BF4-4997-9AA2-4C12998A84F9,Caplin Point Laboratories Ltd - 524742 - Shareholder Meeting / Postal Ballot-Scrutinizer''s Report,2025-09-23 18:11:52.777,2025-09-23T18:11:52.777,1,A,,N    ,https://www.bseindia.com/xml-data/corpfiling/AttachLive/1dc62f4c-cc3f-41a7-bbd2-f7318958a7ce.pdf,,Voting Results and Scrutinizer Report for the 34th Annual General Meeting,AGM/EGM,1,1,0,https://www.bseindia.com/stock-share-price/caplin-point-laboratories-ltd/caplipoint/524742/,Caplin Point Laboratories Ltd,3.0,20,2025-09-23T18:11:52,2025-09-23T18:11:52.777,00:00:00,4367565.0,AGM,,524742.0,15907.73
7f90892e-6ffa-49f6-a987-040cb583310f,543626,ANN_543626_7F90892E-6FFA-49F6-A987-040CB583310F,Electronics Mart India Ltd - 543626 - Commencement Of Commercial Operations,2025-09-23 18:07:02.490,2025-09-23T18:07:02.49,0,A,,N    ,https://www.bseindia.com/xml-data/corpfiling/AttachLive/14b1afe5-678d-4a74-9d4c-c72522706023.pdf,"Pursuant to Reg 30(4) of SEBI (LODR) Regulations, 2015, this is to inform you that Electronics Mart India Limited has commenced the commercial operations of a new multi-brand store under the brand name of ""BAJAJ ELECTRONICS"" in Tandur, Telangana.","Pursuant to Reg 30(4) of SEBI (LODR) Regulations, 2015, this is to inform you that Electronics Mart India Limited has commenced the commercial operations of a new multi-brand store under ....",Company Update,1,1,0,https://www.bseindia.com/stock-share-price/electronics-mart-india-ltd/emil/543626/,Electronics Mart India Ltd,1.0,20,2025-09-23T18:07:02,2025-09-23T18:07:02.49,00:00:00,315982.0,General,,543626.0,5411.49
f89fb7cc-d063-430f-8ad2-f9eac7b80acb,524558,ANN_524558_F89FB7CC-D063-430F-8AD2-F9EAC7B80ACB,Neuland Laboratories Ltd - 524558 - Change In Designation,2025-09-23 18:06:40.480,2025-09-23T18:06:40.48,0,A,,N    ,https://www.bseindia.com/xml-data/corpfiling/AttachLive/1ac9656e-c12f-4909-91ca-a8739177aaa8.pdf,,Change in Designation,Company Update,1,1,0,https://www.bseindia.com/stock-share-price/neuland-laboratories-ltd/neulandlab/524558/,Neuland Laboratories Ltd,1.0,20,2025-09-23T18:06:40,2025-09-23T18:06:40.48,00:00:00,236453.0,General,,524558.0,19628.32
3206af58-e3bb-4dc6-898c-98aa64cc103e,543427,ANN_543427_3206AF58-E3BB-4DC6-898C-98AA64CC103E,Medplus Health Services Ltd - 543427 - Closure of Trading Window,2025-09-23 18:03:04.403,2025-09-23T18:03:04.403,0,A,,N    ,https://www.bseindia.com/xml-data/corpfiling/AttachLive/9559dbc4-d0e7-4ef2-87eb-b834ead5fa1c.pdf,,"Intimation of Trading Window Closure under SEBI (Prohibition of Insider Trading) Regulations, 2015",Insider Trading / SAST,1,1,0,https://www.bseindia.com/stock-share-price/medplus-health-services-ltd/medplus/543427/,Medplus Health Services Ltd,66.0,20,2025-09-23T18:03:04,2025-09-23T18:03:04.403,00:00:00,2747200.0,Closure of Trading Window,,543427.0,10901.44
51a2ea54-9ada-4bde-8700-1b48f6e7ff75,523319,ANN_523319_51A2EA54-9ADA-4BDE-8700-1B48F6E7FF75,"Balmer Lawrie & Company Ltd - 523319 - Proceedings Of 108Th AGM Of The Company Held On 23Rd September, 2025",2025-09-23 17:59:31.570,2025-09-23T17:59:31.57,0,A,,N    ,https://www.bseindia.com/xml-data/corpfiling/AttachLive/56f667b9-cf27-4e06-8556-a22ad63c3969.pdf,,"Proceedings of 108th AGM of the Company held on 23rd September, 2025",Company Update,1,1,0,https://www.bseindia.com/stock-share-price/balmer-lawrie--company-ltd/balmlawrie/523319/,Balmer Lawrie & Company Ltd,1.0,20,2025-09-23T17:59:31,2025-09-23T17:59:31.57,00:00:00,1338410.0,General,,523319.0,3714.2
9689c591-a2ac-4ed2-8c1f-953063f0ac72,500335,ANN_500335_9689C591-A2AC-4ED2-8C1F-953063F0AC72,Birla Corporation Ltd - 500335 - Announcement under Regulation 30 (LODR)-Issue of Securities,2025-09-23 17:55:37.320,2025-09-23T17:55:37.32,0,A,,N    ,https://www.bseindia.com/xml-data/corpfiling/AttachLive/17baa484-86bc-41e8-9b8f-0d99b5ec3091.pdf,,Issuance and allotment of Commercial Paper aggregating to Rs.50 crore.,Company Update,1,1,0,https://www.bseindia.com/stock-share-price/birla-corporation-ltd/birlacorpn/500335/,Birla Corporation Ltd,132.0,20,2025-09-23T17:55:37,2025-09-23T17:55:37.32,00:00:00,634893.0,Issue of Securities,,500335.0,10691.42
b014d8a2-1ed3-423b-a936-842c4f34f322,532702,ANN_532702_B014D8A2-1ED3-423B-A936-842C4F34F322,Gujarat State Petronet Ltd - 532702 - Announcement under Regulation 30 (LODR)-Meeting Updates,2025-09-23 17:52:10.720,2025-09-23T17:52:10.72,0,A,,N    ,https://www.bseindia.com/xml-data/corpfiling/AttachLive/caa11c7b-7a61-45ff-9a91-87a7975db60a.pdf,,"Proceedings of the 27th Annual General Meeting of the GSPL held on Tuesday, 23rd September, 2025.",Company Update,1,1,0,https://www.bseindia.com/stock-share-price/gujarat-state-petronet-ltd/gspl/532702/,Gujarat State Petronet Ltd,133.0,20,2025-09-23T17:52:10,2025-09-23T17:52:10.72,00:00:00,15057613.0,Meeting Updates,,532702.0,18263.52
cd8065af-1ce3-4d4e-9ca7-0fd39e8602b1,500008,ANN_500008_CD8065AF-1CE3-4D4E-9CA7-0FD39E8602B1,Amara Raja Energy & Mobility Ltd - 500008 - Announcement under Regulation 30 (LODR)-Analyst / Investor Meet - Intimation,2025-09-23 17:51:27.460,2025-09-23T17:51:27.46,0,A,,N    ,https://www.bseindia.com/xml-data/corpfiling/AttachLive/07d9fb6c-6288-4aa6-b185-161c60271c85.pdf,,Intimation regarding investor meeting.,Company Update,1,1,0,https://www.bseindia.com/stock-share-price/amara-raja-energy--mobility-ltd/arem/500008/,Amara Raja Energy & Mobility Ltd,80.0,20,2025-09-23T17:51:27,2025-09-23T17:51:27.46,00:00:00,690134.0,Analyst / Investor Meet,,500008.0,18053.62
705708f3-ac71-47a7-b76e-0fb7b1c250a3,533282,ANN_533282_705708F3-AC71-47A7-B76E-0FB7B1C250A3,Gravita India Ltd - 533282 - Announcement under Regulation 30 (LODR)-Analyst / Investor Meet - Outcome,2025-09-23 17:51:20.077,2025-09-23T17:51:20.077,0,A,,N    ,https://www.bseindia.com/xml-data/corpfiling/AttachLive/c9d08625-7088-4030-b94f-d4fc3e68fbe3.pdf,This is further to the disclosure dated 12th September 2025 made by the Company. We wish to inform you that the Company's executives participated in the Institutional Investor's Meeting (One on One) dated 23rd September 2025.,This is further to the disclosure dated 12th September 2025 made by the Company. We wish to inform you that the Company's executives participated in the Institutional Investor's Meeting ....,Company Update,1,1,0,https://www.bseindia.com/stock-share-price/gravita-india-ltd/gravita/533282/,Gravita India Ltd,80.0,20,2025-09-23T17:51:19,2025-09-23T17:51:20.077,00:00:01,709052.0,Analyst / Investor Meet,,533282.0,12730.11
f6c23a16-9bc7-4fa4-bdb8-c82c9bd8088c,544226,ANN_544226_F6C23A16-9BC7-4FA4-BDB8-C82C9BD8088C,Brainbees Solutions Ltd - 544226 - Closure of Trading Window,2025-09-23 17:47:42.067,2025-09-23T17:47:42.067,0,A,,N    ,https://www.bseindia.com/xml-data/corpfiling/AttachLive/6f910a88-d2c8-4117-af80-142d15a4ef96.pdf,,"Intimation regarding closure of Trading Window for the quarter ending September 30, 2025",Insider Trading / SAST,1,1,0,https://www.bseindia.com/stock-share-price/brainbees-solutions-ltd/firstcry/544226/,Brainbees Solutions Ltd,66.0,20,2025-09-23T17:47:42,2025-09-23T17:47:42.07,00:00:00,562805.0,Closure of Trading Window,,544226.0,19782.38
e4c3b313-35ef-41e9-87db-7675c3d8b3a0,506655,ANN_506655_E4C3B313-35EF-41E9-87DB-7675C3D8B3A0,Sudarshan Chemical Industries Ltd - 506655 - Announcement under Regulation 30 (LODR)-Change in Directorate,2025-09-23 17:47:27.283,2025-09-23T17:47:27.283,0,A,,N    ,https://www.bseindia.com/xml-data/corpfiling/AttachLive/a4cfc7ad-97dc-408f-ba99-4e6f4cec4353.pdf,,Intimation under Reg 30 - Appointment of Directors,Company Update,1,1,0,https://www.bseindia.com/stock-share-price/sudarshan-chemical-industries-ltd/sudarschem/506655/,Sudarshan Chemical Industries Ltd,15.0,20,2025-09-23T17:47:27,2025-09-23T17:47:27.283,00:00:00,7104226.0,Change in Directorate,,506655.0,9926.11
d256c39d-7afe-41e8-8329-1f7887074916,506655,ANN_506655_D256C39D-7AFE-41E8-8329-1F7887074916,Sudarshan Chemical Industries Ltd - 506655 - Board Meeting Outcome for Outcome Of Board Meeting Held On 23 September 2025,2025-09-23 17:45:33.063,2025-09-23T17:45:33.063,0,A,,N    ,https://www.bseindia.com/xml-data/corpfiling/AttachLive/7ccffe0a-45ae-46e8-ad6c-a398abf3aaa8.pdf,,Outcome of the Board Meeting held on 23 September 2025,Board Meeting,1,1,0,https://www.bseindia.com/stock-share-price/sudarshan-chemical-industries-ltd/sudarschem/506655/,Sudarshan Chemical Industries Ltd,198.0,20,2025-09-23T17:45:27,2025-09-23T17:45:33.063,00:00:06,7104226.0,Outcome of Board Meeting,,506655.0,9926.11
0df44b9b-8d37-4d1f-aeb3-c0425d444fa6,540725,ANN_540725_0DF44B9B-8D37-4D1F-AEB3-C0425D444FA6,Share India Securities Ltd - 540725 - Announcement under Regulation 30 (LODR)-Analyst / Investor Meet - Intimation,2025-09-23 17:45:27.820,2025-09-23T17:45:27.82,0,A,,N    ,https://www.bseindia.com/xml-data/corpfiling/AttachLive/e52a56ff-3304-4164-8c96-0ff81c5070c6.pdf,,"Please be informed that the Company will be participating in a Group Conference Call organized by Adfactors PR Private Limited for a group meeting to be held on September 26, 2025 at 04: 00 p.m.",Company Update,1,1,0,https://www.bseindia.com/stock-share-price/share-india-securities-ltd/shareindia/540725/,Share India Securities Ltd,80.0,20,2025-09-23T17:45:27,2025-09-23T17:45:27.82,00:00:00,579676.0,Analyst / Investor Meet,,540725.0,3895.09
43b3edb7-d064-4b5c-a0ae-700f7c14c042,506655,ANN_506655_43B3EDB7-D064-4B5C-A0AE-700F7C14C042,"Sudarshan Chemical Industries Ltd - 506655 - Unaudited Financial Results For The Quarter Ended 30 June, 2025",2025-09-23 17:42:54.320,2025-09-23T17:42:54.32,0,A,,N    ,https://www.bseindia.com/xml-data/corpfiling/AttachLive/aaf33fdd-0df4-4ba3-9260-d0b7263d1ab4.pdf,,Unaudited Financial Results for the quarter ended 30 June 2025,Result,1,1,0,https://www.bseindia.com/stock-share-price/sudarshan-chemical-industries-ltd/sudarschem/506655/,Sudarshan Chemical Industries Ltd,30.0,20,2025-09-23T17:42:54,2025-09-23T17:42:54.32,00:00:00,7104226.0,Financial Results,,506655.0,9926.11
0cca3fd2-18da-491e-a679-c1f95c32e45d,534618,ANN_534618_0CCA3FD2-18DA-491E-A679-C1F95C32E45D,Waaree Renewable Technologies Ltd - 534618 - Shareholder Meeting / Postal Ballot-Outcome of AGM,2025-09-23 17:40:50.063,2025-09-23T17:40:50.063,1,A,,N    ,https://www.bseindia.com/xml-data/corpfiling/AttachLive/c8b7ddca-5699-4d0e-b7d4-3e5200d97a2b.pdf,,Please find attached herewith Outcome of 26th Annual General Meeting held on 23rd September 2025,AGM/EGM,1,1,0,https://www.bseindia.com/stock-share-price/waaree-renewable-technologies-ltd/waareertl/534618/,Waaree Renewable Technologies Ltd,3.0,20,2025-09-23T17:40:50,2025-09-23T17:40:50.063,00:00:00,720803.0,AGM,,534618.0,11986.27
d6929dcb-43a9-4265-836c-5d4bf716f8a4,543276,ANN_543276_D6929DCB-43A9-4265-836C-5D4BF716F8A4,Craftsman Automation Ltd - 543276 - Closure of Trading Window,2025-09-23 17:36:42.337,2025-09-23T17:36:42.337,0,A,,N    ,https://www.bseindia.com/xml-data/corpfiling/AttachLive/97a94c33-0e54-4612-8802-06885564cd91.pdf,"We wish to inform you that pursuant to the Company''s Code of Conduct to regulate, monitor and report trading by insiders and the SEBI (PIT) Regulations, 2015, the trading window for dealing the shares of the Company will remain closed from Wednesday ,1st October, 2025 till the expiry of 48 hours after the declaration of Unaudited Financial Results of the Company for the quarter and half year ending 30th September, 2025 to the public.","We wish to inform you that pursuant to the Company''s Code of Conduct to regulate, monitor and report trading by insiders and the SEBI (PIT) Regulations, 2015, the trading window for dealing ....",Insider Trading / SAST,1,1,0,https://www.bseindia.com/stock-share-price/craftsman-automation-ltd/craftsman/543276/,Craftsman Automation Ltd,66.0,20,2025-09-23T17:36:42,2025-09-23T17:36:42.337,00:00:00,151798.0,Closure of Trading Window,,543276.0,14618.22
28d1474d-367c-4584-8839-21aea547ccd6,538962,ANN_538962_28D1474D-367C-4584-8839-21AEA547CCD6,Minda Corporation Ltd - 538962 - Closure of Trading Window,2025-09-23 17:36:01.667,2025-09-23T17:36:01.667,0,A,,N    ,https://www.bseindia.com/xml-data/corpfiling/AttachLive/41644942-2244-4ef4-9b93-d0e80e8b1bb9.pdf,,"Intimation of Closure of Trading Window under the SEBI (Prohibition of Insider Trading) Regulations,2015 for the Quarter and Half year ending on September 30,2025",Insider Trading / SAST,1,1,0,https://www.bseindia.com/stock-share-price/minda-corporation-ltd/mindacorp/538962/,Minda Corporation Ltd,66.0,20,2025-09-23T17:36:01,2025-09-23T17:36:01.667,00:00:00,207093.0,Closure of Trading Window,,538962.0,12414.2
5c7f9b26-2ace-476f-bde4-666a477c1907,539871,ANN_539871_5C7F9B26-2ACE-476F-BDE4-666A477C1907,Thyrocare Technologies Ltd - 539871 - Grant Of Employee Stock Options Under Thyrocare Employee Stock Option Scheme.,2025-09-23 17:34:49.937,2025-09-23T17:34:49.937,0,A,,N    ,https://www.bseindia.com/xml-data/corpfiling/AttachLive/e10da2d4-63b7-43f7-a553-9ba0cdc193ad.pdf,,Please find attached herewith intimation relating Grant of Options under Thyrocare Employee Stock Option Scheme.,Company Update,1,1,0,https://www.bseindia.com/stock-share-price/thyrocare-technologies-ltd/thyrocare/539871/,Thyrocare Technologies Ltd,1.0,20,2025-09-23T17:34:49,2025-09-23T17:34:49.937,00:00:00,532212.0,General,,539871.0,6165.9
9bade9a0-b872-4c7a-89e5-9a12fe826185,533023,ANN_533023_9BADE9A0-B872-4C7A-89E5-9A12FE826185,ZF Commercial Vehicle Control Systems India Ltd - 533023 - Announcement under Regulation 30 (LODR)-Analyst / Investor Meet - Intimation,2025-09-23 17:32:23.883,2025-09-23T17:32:23.883,0,A,,N    ,https://www.bseindia.com/xml-data/corpfiling/AttachLive/6a4c003c-93f5-469c-953d-c3f479225cdc.pdf,,Intimation of schedule of Analysts /Institutional Investors Meeting,Company Update,1,1,0,https://www.bseindia.com/stock-share-price/zf-commercial-vehicle-control-systems-india-ltd/zfcvindia/533023/,ZF Commercial Vehicle Control Systems India Ltd,80.0,20,2025-09-23T17:32:23,2025-09-23T17:32:23.883,00:00:00,149315.0,Analyst / Investor Meet,,533023.0,24987.33
a316c149-bbbd-4ac9-a56b-df4750235ff4,539150,ANN_539150_A316C149-BBBD-4AC9-A56B-DF4750235FF4,PNC Infratech Ltd - 539150 - Announcement under Regulation 30 (LODR)-Credit Rating,2025-09-23 17:30:08.320,2025-09-23T17:30:08.32,1,A,,N    ,https://www.bseindia.com/xml-data/corpfiling/AttachLive/7e3ac6a4-c82b-4a6b-8328-234d20179cb3.pdf,,As per attachment,Company Update,1,1,0,https://www.bseindia.com/stock-share-price/pnc-infratech-ltd/pncinfra/539150/,PNC Infratech Ltd,46.0,20,2025-09-23T17:30:08,2025-09-23T17:30:08.32,00:00:00,729409.0,Credit Rating,,539150.0,7850.1
a7c83eb7-5561-4f4d-88fc-fe380edf106d,541556,ANN_541556_A7C83EB7-5561-4F4D-88FC-FE380EDF106D,RITES Ltd - 541556 - Shareholder Meeting / Postal Ballot-Outcome of AGM,2025-09-23 17:28:28.387,2025-09-23T17:28:28.387,1,A,,N    ,https://www.bseindia.com/xml-data/corpfiling/AttachLive/7c9431ae-a753-4108-a20b-4d0145b91bfc.pdf,,"Proceedings of 51st Annual General Meeting of the Company held on September 23, 2025.",AGM/EGM,1,1,0,https://www.bseindia.com/stock-share-price/rites-ltd/rites/541556/,RITES Ltd,3.0,20,2025-09-23T17:28:28,2025-09-23T17:28:28.387,00:00:00,1624996.0,AGM,,541556.0,13440.08
466d96a9-9129-4c9a-8062-55e8b09514a0,519126,ANN_519126_466D96A9-9129-4C9A-8062-55E8B09514A0,Hindustan Foods Ltd - 519126 - Shareholder Meeting / Postal Ballot-Outcome of AGM,2025-09-23 17:28:12.880,2025-09-23T17:28:12.88,1,A,,N    ,https://www.bseindia.com/xml-data/corpfiling/AttachLive/2e79bdc0-aed9-4dde-8ce3-5acea03140ac.pdf,,"Summary of the proceedings of the 40th Annual General Meeting of the Members of the Company held on September 23, 2025.",AGM/EGM,1,1,0,https://www.bseindia.com/stock-share-price/hindustan-foods-ltd/hndfds/519126/,Hindustan Foods Ltd,3.0,20,2025-09-23T17:28:12,2025-09-23T17:28:12.88,00:00:00,343451.0,AGM,,519126.0,6650.64
702420c4-dd96-4c07-b5da-9a3d79d05b2e,532605,ANN_532605_702420C4-DD96-4C07-B5DA-9A3D79D05B2E,JBM Auto Ltd - 532605 - Closure of Trading Window,2025-09-23 17:26:28.720,2025-09-23T17:26:28.72,0,A,,N    ,https://www.bseindia.com/xml-data/corpfiling/AttachLive/93b952bf-0919-4bbb-8322-9c62f5b5651f.pdf,,"Closure of Trading Window for the Financial Results of the 2nd Quarter ended 30th September, 2025 for the Financial Year 2025-26.",Insider Trading / SAST,1,1,0,https://www.bseindia.com/stock-share-price/jbm-auto-ltd/jbma/532605/,JBM Auto Ltd,66.0,20,2025-09-23T17:26:28,2025-09-23T17:26:28.72,00:00:00,237994.0,Closure of Trading Window,,532605.0,15240.87
2b8ecd12-12d1-4bc0-965d-137c2b34e34c,544088,ANN_544088_2B8ECD12-12D1-4BC0-965D-137C2B34E34C,Medi Assist Healthcare Services Ltd - 544088 - Shareholder Meeting / Postal Ballot-Scrutinizer''s Report,2025-09-23 17:22:34.527,2025-09-23T17:22:34.527,1,A,,N    ,https://www.bseindia.com/xml-data/corpfiling/AttachLive/9e2f17ea-e0df-4be7-aeaf-901abcfa1496.pdf,,Voting Results and Scrutinizers Report under Regulation 44 of SEBI LODR,AGM/EGM,1,1,0,https://www.bseindia.com/stock-share-price/medi-assist-healthcare-services-ltd/mediassist/544088/,Medi Assist Healthcare Services Ltd,3.0,20,2025-09-23T17:22:34,2025-09-23T17:22:34.527,00:00:00,5622269.0,AGM,,544088.0,3971.65
606b26a0-49b1-454b-8f53-086a15ed918d,502986,ANN_502986_606B26A0-49B1-454B-8F53-086A15ED918D,Vardhman Textiles Ltd - 502986 - Analysts/ Investors Meet - Outcome,2025-09-23 17:18:17.497,2025-09-23T17:18:17.497,0,A,,N    ,https://www.bseindia.com/xml-data/corpfiling/AttachLive/c227f1a1-f530-49de-a700-c4da7de3e2a9.pdf,,Please find enclosed herewith outcome of Analysts/ Investors Meet held on 23.09.2025.,Company Update,1,1,0,https://www.bseindia.com/stock-share-price/vardhman-textiles-ltd/vtl/502986/,Vardhman Textiles Ltd,1.0,20,2025-09-23T17:18:17,2025-09-23T17:18:17.497,00:00:00,601172.0,General,,502986.0,14490.26
6941208d-1565-4fd4-a72c-bef91a4c5b60,544088,ANN_544088_6941208D-1565-4FD4-A72C-BEF91A4C5B60,Medi Assist Healthcare Services Ltd - 544088 - Shareholder Meeting / Postal Ballot-Outcome of AGM,2025-09-23 17:17:30.893,2025-09-23T17:17:30.893,1,A,,N    ,https://www.bseindia.com/xml-data/corpfiling/AttachLive/b4b47c68-3f04-4278-8c09-516601ca603a.pdf,,"Proceedings of 25th Annual General Meeting held on September 23, 2025.",AGM/EGM,1,1,0,https://www.bseindia.com/stock-share-price/medi-assist-healthcare-services-ltd/mediassist/544088/,Medi Assist Healthcare Services Ltd,3.0,20,2025-09-23T17:17:30,2025-09-23T17:17:30.893,00:00:00,793020.0,AGM,,544088.0,3971.65
584c0904-09bc-492b-9003-b542603131bf,519126,ANN_519126_584C0904-09BC-492B-9003-B542603131BF,Hindustan Foods Ltd - 519126 - Announcement Under Regulation 30 (LODR)- Chairman''s Speech,2025-09-23 17:16:53.947,2025-09-23T17:16:53.947,0,A,,N    ,https://www.bseindia.com/xml-data/corpfiling/AttachLive/6d8dc186-f222-4c7b-ba55-e24dd303975a.pdf,,Please refer to the attached Chairman''s Speech,Company Update,1,1,0,https://www.bseindia.com/stock-share-price/hindustan-foods-ltd/hndfds/519126/,Hindustan Foods Ltd,1.0,20,2025-09-23T17:16:53,2025-09-23T17:16:53.947,00:00:00,390117.0,General,,519126.0,6650.64
7d2e5976-9af7-4ecb-95ea-28581955b3df,544317,ANN_544317_7D2E5976-9AF7-4ECB-95EA-28581955B3DF,Transrail Lighting Ltd - 544317 - Shareholder Meeting / Postal Ballot-Outcome of AGM,2025-09-23 17:16:21.510,2025-09-23T17:16:21.51,1,A,,N    ,https://www.bseindia.com/xml-data/corpfiling/AttachLive/405e396e-296d-4cd6-9036-af5790a6acda.pdf,,Proceedings of the 18th Annual General Meeting,AGM/EGM,1,1,0,https://www.bseindia.com/stock-share-price/transrail-lighting-ltd/transraill/544317/,Transrail Lighting Ltd,3.0,20,2025-09-23T17:16:21,2025-09-23T17:16:21.51,00:00:00,361344.0,AGM,,544317.0,10489.42
3e31d118-6fe3-4930-b03d-53c7abb51aad,532652,ANN_532652_3E31D118-6FE3-4930-B03D-53C7ABB51AAD,Karnataka Bank Ltd - 532652 - Scrutinizer Report And E Voting Results Of The 101St Annual General Meeting Of The Bank,2025-09-23 17:13:19.233,2025-09-23T17:13:19.233,0,A,,N    ,https://www.bseindia.com/xml-data/corpfiling/AttachLive/5dd9ced6-176b-4730-9e39-deac9eec9c09.pdf,,Scrutinizer Report and e voting results of the 101st Annual General Meeting of the Bank,Company Update,1,1,0,https://www.bseindia.com/stock-share-price/karnataka-bank-ltd/ktkbank/532652/,Karnataka Bank Ltd,1.0,20,2025-09-23T17:13:19,2025-09-23T17:13:19.233,00:00:00,292566.0,General,,532652.0,7296.68
1a27990b-dc19-4ea5-b5a3-d2d00651acf2,532652,ANN_532652_1A27990B-DC19-4EA5-B5A3-D2D00651ACF2,Karnataka Bank Ltd - 532652 - Shareholder Meeting / Postal Ballot-Scrutinizer''s Report,2025-09-23 17:06:53.710,2025-09-23T17:06:53.71,1,A,,N    ,https://www.bseindia.com/xml-data/corpfiling/AttachLive/0fd1bf8a-317b-4c87-acab-603d583371e1.pdf,,Scrutinizer Report and e voting results of the 101st Annual General Meeting of the Bank,AGM/EGM,1,1,0,https://www.bseindia.com/stock-share-price/karnataka-bank-ltd/ktkbank/532652/,Karnataka Bank Ltd,3.0,20,2025-09-23T17:06:53,2025-09-23T17:06:53.71,00:00:00,292566.0,AGM,,532652.0,7296.68
9f95a1ff-7005-402f-8177-8ab2a9e58b66,590003,ANN_590003_9F95A1FF-7005-402F-8177-8AB2A9E58B66,"Karur Vysya Bank Ltd - 590003 - Intimation under Regulation 30 of SEBI (LODR) Regulations, 2015",2025-09-23 17:06:45.720,2025-09-23T17:06:45.72,0,A,,N    ,https://www.bseindia.com/xml-data/corpfiling/AttachLive/9F95A1FF-7005-402F-8177-8AB2A9E58B66-170633.pdf,,"Karur Vysya Bank Ltd has submitted to BSE a copy of Intimation under Regulation 30 of SEBI (Listing Obligations and Disclosure Requirements) Regulations, 2015.",Company Update,1,1,0,https://www.bseindia.com/stock-share-price/karur-vysya-bank-ltd/karurvysya/590003/,Karur Vysya Bank Ltd,1.0,20,,2025-09-23T17:06:45.72,,2745010.0,General,,590003.0,21727.74
ff8b828c-c028-4e9e-aa17-50c6ec694aaf,532899,ANN_532899_FF8B828C-C028-4E9E-AA17-50C6EC694AAF,Kaveri Seed Company Ltd - 532899 - Shareholder Meeting / Postal Ballot-Outcome of AGM,2025-09-23 17:06:15.870,2025-09-23T17:06:15.87,1,A,,N    ,https://www.bseindia.com/xml-data/corpfiling/AttachLive/4f022e19-5778-46c3-99ba-35238d935df8.pdf,,"Disclosure of e-voting Results of 38th AGM held on 23rd September, 2025 along with Scrutinizer''s Report .",AGM/EGM,1,1,0,https://www.bseindia.com/stock-share-price/kaveri-seed-company-ltd/kscl/532899/,Kaveri Seed Company Ltd,3.0,20,2025-09-23T17:06:15,2025-09-23T17:06:15.87,00:00:00,5363231.0,AGM,,532899.0,5932.47
fab47f5d-b54c-487f-9b67-a7287907a189,544261,ANN_544261_FAB47F5D-B54C-487F-9B67-A7287907A189,Arkade Developers Ltd - 544261 - Announcement under Regulation 30 (LODR)-Analyst / Investor Meet - Intimation,2025-09-23 16:57:01.367,2025-09-23T16:57:01.367,0,A,,N    ,https://www.bseindia.com/xml-data/corpfiling/AttachLive/65070d07-d3d7-4647-8a1f-45981be210b1.pdf,,"Intimation of Schedule of Analyst/Investor Meet under the SEBI (LODR) Regulations, 2015",Company Update,1,1,0,https://www.bseindia.com/stock-share-price/arkade-developers-ltd/arkade/544261/,Arkade Developers Ltd,80.0,20,2025-09-23T16:57:01,2025-09-23T16:57:01.367,00:00:00,467453.0,Analyst / Investor Meet,,544261.0,3763.4
37320f62-e505-46f6-ad8c-f369a3687dcf,500125,ANN_500125_37320F62-E505-46F6-AD8C-F369A3687DCF,EID Parry India Ltd - 500125 - Closure of Trading Window,2025-09-23 16:55:25.837,2025-09-23T16:55:25.837,0,A,,N    ,https://www.bseindia.com/xml-data/corpfiling/AttachLive/e9be59ef-d870-4195-bdf8-a9f4b506e929.pdf,,Closure of Trading Window,Insider Trading / SAST,1,1,0,https://www.bseindia.com/stock-share-price/eid-parry-india-ltd/eidparry/500125/,EID Parry India Ltd,66.0,20,2025-09-23T16:55:25,2025-09-23T16:55:25.837,00:00:00,375994.0,Closure of Trading Window,,500125.0,20624.35
5392e460-cd12-4498-af96-245242ecba42,542399,ANN_542399_5392E460-CD12-4498-AF96-245242ECBA42,Chalet Hotels Ltd - 542399 - Announcement under Regulation 30 (LODR)-Allotment,2025-09-23 16:55:25.823,2025-09-23T16:55:25.823,0,A,,N    ,https://www.bseindia.com/xml-data/corpfiling/AttachLive/e49aea3a-b75e-41aa-9206-bbd694a8ddc1.pdf,"Pursuant to Regulation 30 and 51 of the Listing Regulations, this is to inform that the Finance Committee has approved the allotment of 2000 Listed, Rated, Taxable, Transferable Commercial Paper aggregating to Rs.100 crore on a private placement basis.","Pursuant to Regulation 30 and 51 of the Listing Regulations, this is to inform that the Finance Committee has approved the allotment of 2000 Listed, Rated, Taxable, Transferable Commercial ....",Company Update,1,1,0,https://www.bseindia.com/stock-share-price/chalet-hotels-ltd/chalet/542399/,Chalet Hotels Ltd,5.0,20,2025-09-23T16:55:25,2025-09-23T16:55:25.823,00:00:00,311237.0,Allotment of Equity Shares,,542399.0,19616.07
5ae14ba7-43d1-4acf-9801-648816d11a7b,531120,ANN_531120_5AE14BA7-43D1-4ACF-9801-648816D11A7B,"Patel Engineering Ltd-$ - 531120 - Outcome Of Meeting With Investors Held On September 23, 2025",2025-09-23 16:49:15.583,2025-09-23T16:49:15.583,0,A,,N    ,https://www.bseindia.com/xml-data/corpfiling/AttachLive/dbbf0a45-abd5-4d92-a282-3ab22f320536.pdf,,"Outcome of Meeting with Investor held on September 23, 2025",Company Update,1,1,0,https://www.bseindia.com/stock-share-price/patel-engineering-ltd/pateleng/531120/,Patel Engineering Ltd-$,1.0,20,2025-09-23T16:49:15,2025-09-23T16:49:15.583,00:00:00,210625.0,General,,531120.0,3379.19
929e680d-dbfc-4917-9586-1ffca25cddba,500238,ANN_500238_929E680D-DBFC-4917-9586-1FFCA25CDDBA,Whirlpool of India Ltd - 500238 - Announcement under Regulation 30 (LODR)-Newspaper Publication,2025-09-23 16:44:16.010,2025-09-23T16:44:16.01,0,A,,N    ,https://www.bseindia.com/xml-data/corpfiling/AttachLive/b7347d2f-2f92-4fe8-8a2d-18eba6be4b8c.pdf,,As enclosed,Company Update,1,1,0,https://www.bseindia.com/stock-share-price/whirlpool-of-india-ltd/whirlpool/500238/,Whirlpool of India Ltd,144.0,20,2025-09-23T16:44:15,2025-09-23T16:44:16.01,00:00:01,6165204.0,Newspaper Publication,,500238.0,17608.54
8160ad66-dcab-4c55-98f7-f678b487a122,524735,ANN_524735_8160AD66-DCAB-4C55-98F7-F678B487A122,Hikal Ltd - 524735 - Announcement under Regulation 30 (LODR)-Investor Presentation,2025-09-23 16:39:33.950,2025-09-23T16:39:33.95,0,A,,N    ,https://www.bseindia.com/xml-data/corpfiling/AttachLive/44d8d646-fee6-4c76-a4b9-1162ad0cd2d6.pdf,,"Submission of revised Result Presentation for the quarter ended June 30, 2025",Company Update,1,1,0,https://www.bseindia.com/stock-share-price/hikal-ltd/hikal/524735/,Hikal Ltd,120.0,20,2025-09-23T16:39:33,2025-09-23T16:39:33.95,00:00:00,4352191.0,Investor Presentation,,524735.0,4290.87
f3445783-ea0b-44cb-abbf-efd48c4225f7,532804,ANN_532804_F3445783-EA0B-44CB-ABBF-EFD48C4225F7,Technocraft Industries (India) Ltd - 532804 - Closure of Trading Window,2025-09-23 16:39:20.157,2025-09-23T16:39:20.157,0,A,,N    ,https://www.bseindia.com/xml-data/corpfiling/AttachLive/e70dece9-0ff8-47e4-ae28-d0c23e991d17.pdf,,Technocraft Industries (India) Limited hereby intimates regarding Closure of Trading Window,Insider Trading / SAST,1,1,0,https://www.bseindia.com/stock-share-price/technocraft-industries-(india)-ltd/tiil/532804/,Technocraft Industries (India) Ltd,66.0,20,2025-09-23T16:39:20,2025-09-23T16:39:20.157,00:00:00,712047.0,Closure of Trading Window,,532804.0,6926.54
808cbe8b-c91f-40f3-a579-168a1050159e,523630,ANN_523630_808CBE8B-C91F-40F3-A579-168A1050159E,National Fertilizers Ltd - 523630 - Closure of Trading Window,2025-09-23 16:37:57.270,2025-09-23T16:37:57.27,0,A,,N    ,https://www.bseindia.com/xml-data/corpfiling/AttachLive/c06e57a5-1cbf-4810-b628-82d108f45004.pdf,,Intimation of closure of Trading Window.,Insider Trading / SAST,1,1,0,https://www.bseindia.com/stock-share-price/national-fertilizers-ltd/nfl/523630/,National Fertilizers Ltd,66.0,20,2025-09-23T16:37:57,2025-09-23T16:37:57.27,00:00:00,568442.0,Closure of Trading Window,,523630.0,4900.88
d03ad70b-b004-4ef4-bb30-880ac852096c,540575,ANN_540575_D03AD70B-B004-4EF4-BB30-880AC852096C,"Star Cement Ltd - 540575 - Appointment Of Secretarial Auditors At The 24Th Annual General Meeting Of The Company Held On 23Rd September, 2025",2025-09-23 16:36:55.710,2025-09-23T16:36:55.71,1,A,,N    ,https://www.bseindia.com/xml-data/corpfiling/AttachLive/b15f1518-786d-476f-9589-9b7c606fac94.pdf,,Enclosed herewith the shareholders approval for appointment of Secretarial Auditors of the Company.,AGM/EGM,1,1,0,https://www.bseindia.com/stock-share-price/star-cement-ltd/starcement/540575/,Star Cement Ltd,3.0,20,2025-09-23T16:36:55,2025-09-23T16:36:55.71,00:00:00,271355.0,AGM,,540575.0,8548.42
8bdc019b-f4aa-4ba8-865f-0e0da28daf89,530843,ANN_530843_8BDC019B-F4AA-4BA8-865F-0E0DA28DAF89,"Cupid Ltd-$ - 530843 - Disclosures under Reg. 29(2) of SEBI (SAST) Regulations, 2011",2025-09-23 16:36:54.640,2025-09-23T16:36:54.64,0,A,,N    ,https://www.bseindia.com/xml-data/corpfiling/AttachLive/8BDC019B_F4AA_4BA8_865F_0E0DA28DAF89_163649.pdf,,"The Exchange has received the disclosure under Regulation 29(2) of SEBI (Substantial Acquisition of Shares & Takeovers) Regulations, 2011 for Aditya Kumar Halwasiya",Insider Trading / SAST,1,1,0,https://www.bseindia.com/stock-share-price/cupid-ltd/cupid/530843/,Cupid Ltd-$,57.0,20,,2025-09-23T16:36:54.64,,1238722.0,"Disclosures under Reg. 29(2) of SEBI (SAST) Regulations, 2011",,530843.0,3581.2
27a4a209-dec6-48ce-be9e-2f0419fbc333,544027,ANN_544027_27A4A209-DEC6-48CE-BE9E-2F0419FBC333,Fedbank Financial Services Ltd - 544027 - Announcement under Regulation 30 (LODR)-Analyst / Investor Meet - Intimation,2025-09-23 16:35:47.333,2025-09-23T16:35:47.333,0,A,,N    ,https://www.bseindia.com/xml-data/corpfiling/AttachLive/d45b59da-d603-46a2-86ea-1f164ad01754.pdf,,"Intimation of the Investor meeting scheduled on September 23, 2025.",Company Update,1,1,0,https://www.bseindia.com/stock-share-price/fedbank-financial-services-ltd/fedfina/544027/,Fedbank Financial Services Ltd,80.0,20,2025-09-23T16:35:47,2025-09-23T16:35:47.333,00:00:00,296852.0,Analyst / Investor Meet,,544027.0,4499.47
5670be84-9c66-4735-9663-2e2c05ee1d4e,533271,ANN_533271_5670BE84-9C66-4735-9663-2E2C05EE1D4E,Ashoka Buildcon Ltd - 533271 - Intimation of Repayment of Commercial Paper (CP),2025-09-23 16:35:04.997,2025-09-23T16:35:04.997,0,A,,N    ,https://www.bseindia.com/xml-data/corpfiling/AttachLive/44f6deb2-91bd-4553-bab6-f322fbac7507.pdf,,"We hereby inform that the entire redemption amount of Rs. 50 Crore has been paid by the Company on the due date, today i.e. September 23, 2025 including the interest.",Others,1,1,0,https://www.bseindia.com/stock-share-price/ashoka-buildcon-ltd/ashoka/533271/,Ashoka Buildcon Ltd,221.0,20,2025-09-23T16:35:04,2025-09-23T16:35:04.997,00:00:00,616863.0,Intimation of Repayment of Commercial Paper (CP),,533271.0,5830.62
d070967c-e10d-45cc-b984-bfc36758374f,540047,ANN_540047_D070967C-E10D-45CC-B984-BFC36758374F,Dilip Buildcon Ltd - 540047 - Announcement under Regulation 30 (LODR)-Award_of_Order_Receipt_of_Order,2025-09-23 16:34:50.763,2025-09-23T16:34:50.763,1,A,,N    ,https://www.bseindia.com/xml-data/corpfiling/AttachLive/d822310d-512c-4f30-9c74-f8718e39a5fa.pdf,"In accordance with the provisions of the Securities and Exchange Board of India (Listing Obligations and Disclosure Requirements) Regulations, 2015, we are pleased to inform you that the Company through DBL-PSP JV has declared as L-1 bidder for the tender floated by the Kerala Industrial Corridor Development Corporation Limited Engineering, Procurement & Construction basis in the state of Kerela.","In accordance with the provisions of the Securities and Exchange Board of India (Listing Obligations and Disclosure Requirements) Regulations, 2015, we are pleased to inform you that the ....",Company Update,1,1,0,https://www.bseindia.com/stock-share-price/dilip-buildcon-ltd/dbl/540047/,Dilip Buildcon Ltd,8.0,20,2025-09-23T16:34:50,2025-09-23T16:34:50.763,00:00:00,1968344.0,Award of Order / Receipt of Order,,540047.0,7295.4
26d21d15-3be1-4a6f-9e01-a503c26747b5,507880,ANN_507880_26D21D15-3BE1-4A6F-9E01-A503C26747B5,"VIP Industries Ltd-$ - 507880 - Board Meeting Outcome for  Outcome Of Board Meeting Held On 23Rd September, 2025",2025-09-23 16:33:53.643,2025-09-23T16:33:53.643,0,A,,N    ,https://www.bseindia.com/xml-data/corpfiling/AttachLive/8c98c55a-dead-4c12-abed-43f881f98963.pdf,,"Outcome of Board Meeting held on 23rd September, 2025",Company Update,1,1,0,https://www.bseindia.com/stock-share-price/vip-industries-ltd/vipind/507880/,VIP Industries Ltd-$,208.0,20,2025-09-23T16:33:50,2025-09-23T16:33:53.647,00:00:03,3211727.0,Revision of outcome,,507880.0,6862.39
dbfc708a-d6b1-4797-9c44-1bf448054342,538562,ANN_538562_DBFC708A-D6B1-4797-9C44-1BF448054342,Skipper Ltd - 538562 - Shareholder Meeting / Postal Ballot-Outcome of AGM,2025-09-23 16:31:50.540,2025-09-23T16:31:50.54,1,A,,N    ,https://www.bseindia.com/xml-data/corpfiling/AttachLive/500d7e43-58b6-4b52-8aa7-a250317dcc63.pdf,,Revised proceedings of thee AGM,AGM/EGM,1,1,0,https://www.bseindia.com/stock-share-price/skipper-ltd/skipper/538562/,Skipper Ltd,3.0,20,2025-09-23T16:31:50,2025-09-23T16:31:50.54,00:00:00,911353.0,AGM,,538562.0,5544.9
52e514f2-78e9-437b-9bd8-72bcf144739c,502219,ANN_502219_52E514F2-78E9-437B-9BD8-72BCF144739C,Borosil Renewables Ltd - 502219 - Shareholder Meeting / Postal Ballot-Outcome of AGM,2025-09-23 16:29:28.100,2025-09-23T16:29:28.1,1,A,,N    ,https://www.bseindia.com/xml-data/corpfiling/AttachLive/f07ab3cc-c547-42d2-ad01-4e8d9f1925f0.pdf,,AGM Proceedings,AGM/EGM,1,1,0,https://www.bseindia.com/stock-share-price/borosil-renewables-ltd/bororenew/502219/,Borosil Renewables Ltd,3.0,20,2025-09-23T16:29:28,2025-09-23T16:29:28.1,00:00:00,420875.0,AGM,,502219.0,7391.64
624779ca-e12d-4929-be05-504eff96ad55,543398,ANN_543398_624779CA-E12D-4929-BE05-504EFF96AD55,Latent View Analytics Ltd - 543398 - Announcement under Regulation 30 (LODR)-Analyst / Investor Meet - Intimation,2025-09-23 16:28:08.160,2025-09-23T16:28:08.16,0,A,,N    ,https://www.bseindia.com/xml-data/corpfiling/AttachLive/fb195bc0-5638-4315-8b21-465341c6162d.pdf,"Pursuant to Regulation 30 of SEBI (Listing Obligations and Disclosure Requirements) Regulations, 2015, please be informed on the schedule of Analysts /Institutional Investors meeting with the Company.","Pursuant to Regulation 30 of SEBI (Listing Obligations and Disclosure Requirements) Regulations, 2015, please be informed on the schedule of Analysts /Institutional Investors meeting with the Company.",Company Update,1,1,0,https://www.bseindia.com/stock-share-price/latent-view-analytics-ltd/latentview/543398/,Latent View Analytics Ltd,80.0,20,2025-09-23T16:28:08,2025-09-23T16:28:08.16,00:00:00,439164.0,Analyst / Investor Meet,,543398.0,8927.23
85fb9819-e89b-4a4f-adf2-f980adb29365,530843,ANN_530843_85FB9819-E89B-4A4F-ADF2-F980ADB29365,"Cupid Ltd-$ - 530843 - Intimation Of Disclosure Under Regulation 29(2) Of SEBI (SAST) Regulations, 2011.",2025-09-23 16:26:26.927,2025-09-23T16:26:26.927,0,A,,N    ,https://www.bseindia.com/xml-data/corpfiling/AttachLive/86906b27-1a45-4911-8cdd-e546d6cfac52.pdf,,"Cupid Limited is hereby informing BSE about disclosure under regulation 29(2) of SEBI (SAST) Regulations, 2011.",Company Update,1,1,0,https://www.bseindia.com/stock-share-price/cupid-ltd/cupid/530843/,Cupid Ltd-$,1.0,20,2025-09-23T16:26:26,2025-09-23T16:26:26.927,00:00:00,1809566.0,General,,530843.0,3581.2
e9e5cda8-4d97-4cb5-b03d-eee0707161b7,500052,ANN_500052_E9E5CDA8-4D97-4CB5-B03D-EEE0707161B7,Bhansali Engineering Polymers Ltd-$ - 500052 - Shareholder Meeting / Postal Ballot-Scrutinizer''s Report,2025-09-23 16:25:35.990,2025-09-23T16:25:35.99,1,A,,N    ,https://www.bseindia.com/xml-data/corpfiling/AttachLive/6f3aae75-f598-44d6-9925-ae08e81f9d9d.pdf,,Attached are the voting results of the businesses transacted at the 41st Annual General Meeting of the Company along with Scrutinizer''s Report.,AGM/EGM,1,1,0,https://www.bseindia.com/stock-share-price/bhansali-engineering-polymers-ltd/bepl/500052/,Bhansali Engineering Polymers Ltd-$,3.0,20,2025-09-23T16:25:35,2025-09-23T16:25:35.99,00:00:00,3137019.0,AGM,,500052.0,2840.72
43dff20f-c2ad-4d39-b700-f2305f9176fb,540575,ANN_540575_43DFF20F-C2AD-4D39-B700-F2305F9176FB,Star Cement Ltd - 540575 - Announcement under Regulation 30 (LODR)-Change in Directorate,2025-09-23 16:25:33.470,2025-09-23T16:25:33.47,0,A,,N    ,https://www.bseindia.com/xml-data/corpfiling/AttachLive/6219666f-53d2-4588-ad8b-310513605b3d.pdf,,Enclosed herewith the approval of shareholders for the re-appointment of Independent Directors of the Company,Company Update,1,1,0,https://www.bseindia.com/stock-share-price/star-cement-ltd/starcement/540575/,Star Cement Ltd,15.0,20,2025-09-23T16:25:33,2025-09-23T16:25:33.47,00:00:00,271355.0,Change in Directorate,,540575.0,8548.42
974d0a0b-ea77-48e8-aef8-d4874ee8a294,541967,ANN_541967_974D0A0B-EA77-48E8-AEF8-D4874EE8A294,Sky Gold And Diamonds Ltd - 541967 - Corrigendum To The Notice Of The 17Th Annual General Meeting (AGM) Dated 1St September 2025.,2025-09-23 16:23:35.510,2025-09-23T16:23:35.51,1,A,,N    ,https://www.bseindia.com/xml-data/corpfiling/AttachLive/1a7107e9-e5d4-451c-8b14-d121786b8bf2.pdf,"In Continuation to our intimation dated 1st September 2025, we are submitting herewith the Corrigendum to the Notice of 17th Annual General Meeting (AGM) scheduled to be held on 27th September 2025 at 11:00 AM (IST) through Video 
Conference / other Audio Visual Means.","In Continuation to our intimation dated 1st September 2025, we are submitting herewith the Corrigendum to the Notice of 17th Annual General Meeting (AGM) scheduled to be held on 27th September ....",AGM/EGM,1,1,0,https://www.bseindia.com/stock-share-price/sky-gold-and-diamonds-ltd/skygold/541967/,Sky Gold And Diamonds Ltd,3.0,20,2025-09-23T16:23:35,2025-09-23T16:23:35.51,00:00:00,971020.0,AGM,,541967.0,4783.11
9d9978f1-4d4f-46b7-b342-c5ed74ceca26,543398,ANN_543398_9D9978F1-4D4F-46B7-B342-C5ED74CECA26,Latent View Analytics Ltd - 543398 - Update By The Company On The U.S. Executive Order Relating To Fees Increase For H-1B Visa Applications,2025-09-23 16:22:14.623,2025-09-23T16:22:14.623,0,A,,N    ,https://www.bseindia.com/xml-data/corpfiling/AttachLive/42528d4e-8af4-472f-b7d9-d75dd3ce3b0f.pdf,"Based on our preliminary assessment and analysis of the U.S. Executive Order related to fee increase for the H-1B visa applications and subsequent Memorandum issued by the USCIS, we wish to inform that we do not expect any significant impact on our operations or financials. 

Further, we would like to highlight that during the Financial Year 26 (till date), the Company had filed 135 new H-1B visa petitions, of which 32 were approved by USCIS. 

We are proactively evaluating opportunities to reduce our dependence on the H-1B visa program through a combination of in-market lateral and campus hiring, nearshoring, and driving more offshoring. 

We will continue to monitor the developments closely and will provide updates as appropriate.","Based on our preliminary assessment and analysis of the U.S. Executive Order related to fee increase for the H-1B visa applications and subsequent Memorandum issued by the USCIS, we wish ....",Company Update,1,1,0,https://www.bseindia.com/stock-share-price/latent-view-analytics-ltd/latentview/543398/,Latent View Analytics Ltd,1.0,20,2025-09-23T16:22:14,2025-09-23T16:22:14.623,00:00:00,370749.0,General,,543398.0,8927.23
d9834960-be2a-4401-ab7c-221c1476939d,540575,ANN_540575_D9834960-BE2A-4401-AB7C-221C1476939D,Star Cement Ltd - 540575 - Shareholder Meeting / Postal Ballot-Outcome of AGM,2025-09-23 16:18:29.550,2025-09-23T16:18:29.55,1,A,,N    ,https://www.bseindia.com/xml-data/corpfiling/AttachLive/ff77457c-4368-4379-b34b-183a5717b5fd.pdf,,"Enclosed herewith the summary proceedings of 24th Annual General Meeting of Star Cement Limited held on 23rd September, 2025.",AGM/EGM,1,1,0,https://www.bseindia.com/stock-share-price/star-cement-ltd/starcement/540575/,Star Cement Ltd,3.0,20,2025-09-23T16:18:29,2025-09-23T16:18:29.55,00:00:00,348175.0,AGM,,540575.0,8548.42
4cf24786-52d2-4cc5-9375-03a6ce9abb73,509496,ANN_509496_4CF24786-52D2-4CC5-9375-03A6CE9ABB73,Cemindia Projects Ltd - 509496 - Intimation Of Change In The Logo And Website Of The Company,2025-09-23 16:10:33.470,2025-09-23T16:10:33.47,0,A,,N    ,https://www.bseindia.com/xml-data/corpfiling/AttachLive/b772be85-7e18-4382-8a8b-333e2e92a803.pdf,,As per Letter attached.,Company Update,1,1,0,https://www.bseindia.com/stock-share-price/cemindia-projects-ltd/cempro/509496/,Cemindia Projects Ltd,1.0,20,2025-09-23T16:10:33,2025-09-23T16:10:33.47,00:00:00,210671.0,General,,509496.0,14823.55
38cd31da-d63f-4ca8-82a5-2ff55608c3b7,532221,ANN_532221_38CD31DA-D63F-4CA8-82A5-2FF55608C3B7,Sonata Software Ltd - 532221 - 'Sonata Software Achieves The 2025-2026 Microsoft AI Business Solutions Inner Circle Award'.,2025-09-23 16:07:47.507,2025-09-23T16:07:47.507,0,A,,N    ,https://www.bseindia.com/xml-data/corpfiling/AttachLive/ad6c6ddb-2802-46d9-9105-6ecdd1a063b8.pdf,,"""Sonata Software Achieves The 2025-2026 Microsoft AI Business Solutions Inner Circle Award"".",Company Update,1,1,0,https://www.bseindia.com/stock-share-price/sonata-software-ltd/sonatsoftw/532221/,Sonata Software Ltd,1.0,20,2025-09-23T16:07:47,2025-09-23T16:07:47.507,00:00:00,2848636.0,General,,532221.0,12227.92
b376003e-13b9-43b2-a7cb-6273d2a892cc,500040,ANN_500040_B376003E-13B9-43B2-A7CB-6273D2A892CC,Aditya Birla Real Estate Ltd - 500040 - Announcement under Regulation 30 (LODR)-Analyst / Investor Meet - Intimation,2025-09-23 16:07:45.757,2025-09-23T16:07:45.757,0,A,,N    ,https://www.bseindia.com/xml-data/corpfiling/AttachLive/ff20fa2e-b53d-4d51-9da9-ffb3ba75e2a3.pdf,,"Intimation regarding Investor Meet of the Company scheduled to be held on Monday, 29th September 2025.",Company Update,1,1,0,https://www.bseindia.com/stock-share-price/aditya-birla-real-estate-ltd/abrel/500040/,Aditya Birla Real Estate Ltd,80.0,20,2025-09-23T16:07:45,2025-09-23T16:07:45.757,00:00:00,475839.0,Analyst / Investor Meet,,500040.0,24930.48
ba25a9ef-d6cb-4da7-b471-bfc270b3eebd,544320,ANN_544320_BA25A9EF-D6CB-4DA7-B471-BFC270B3EEBD,Carraro India Ltd - 544320 - Closure of Trading Window,2025-09-23 16:06:28.337,2025-09-23T16:06:28.337,0,A,,N    ,https://www.bseindia.com/xml-data/corpfiling/AttachLive/5cfa38e8-6cf3-45de-8395-cfaaf28a1d1a.pdf,,"Carraro India Limited has informed the Exchange regarding the trading window closure pursuant to SEBI (Prohibition of Insider Trading) Regulations, 2015.",Insider Trading / SAST,1,1,0,https://www.bseindia.com/stock-share-price/carraro-india-ltd/carraro/544320/,Carraro India Ltd,66.0,20,2025-09-23T16:06:28,2025-09-23T16:06:28.337,00:00:00,167096.0,Closure of Trading Window,,544320.0,2507.72
b68812e6-912e-44ea-ae9c-888d46ece79c,540425,ANN_540425_B68812E6-912E-44EA-AE9C-888D46ECE79C,Shankara Building Products Ltd - 540425 - Apportionment Of Cost Of Acquisition Of Equity Shares Of Shankara Building Products Limited ('Demerged Company' Or 'SBPL' Or The 'Company') And Shankara Buildpro Limited ('Resulting Company' Or 'SBL'),2025-09-23 15:56:28.793,2025-09-23T15:56:28.793,0,A,,N    ,https://www.bseindia.com/xml-data/corpfiling/AttachLive/91e7bf63-ff64-4380-a721-00255965831b.pdf,,"Apportionment of cost of acquisition of Equity Shares of Shankara Building Products Limited (""Demerged Company"" or ""SBPL"" or the ""Company"") and Shankara Buildpro Limited (""Resulting Company or ""SBL"")",Company Update,1,1,0,https://www.bseindia.com/stock-share-price/shankara-building-products-ltd/shankara/540425/,Shankara Building Products Ltd,1.0,20,2025-09-23T15:56:28,2025-09-23T15:56:28.793,00:00:00,697065.0,General,,540425.0,2519.87
a2a99b72-3b4a-4f03-b4d0-2ca1fb5d48af,532732,ANN_532732_A2A99B72-3B4A-4F03-B4D0-2CA1FB5D48AF,Kewal Kiran Clothing Ltd - 532732 - Shareholder Meeting / Postal Ballot-Outcome of AGM,2025-09-23 15:43:11.700,2025-09-23T15:43:11.7,1,A,,N    ,https://www.bseindia.com/xml-data/corpfiling/AttachLive/77369a2e-8288-4dad-aa74-a7f2c06645fa.pdf,,"Attach please find the proceeding of Annual General Meeting held on September 23, 2025 at 12.05 p.m.",AGM/EGM,1,1,0,https://www.bseindia.com/stock-share-price/kewal-kiran-clothing-ltd/kkcl/532732/,Kewal Kiran Clothing Ltd,3.0,20,2025-09-23T15:43:11,2025-09-23T15:43:11.7,00:00:00,279674.0,AGM,,532732.0,3375.21
449b148f-f0c0-430c-9a23-8efb253ea172,539302,ANN_539302_449B148F-F0C0-430C-9A23-8EFB253EA172,Power Mech Projects Ltd - 539302 - Shareholder Meeting / Postal Ballot-Scrutinizer''s Report,2025-09-23 15:42:00.450,2025-09-23T15:42:00.45,1,A,,N    ,https://www.bseindia.com/xml-data/corpfiling/AttachLive/8ab38bcd-68c4-485f-b8e7-42b7ad064f81.pdf,,Please find the attached,AGM/EGM,1,1,0,https://www.bseindia.com/stock-share-price/power-mech-projects-ltd/powermech/539302/,Power Mech Projects Ltd,3.0,20,2025-09-23T15:42:00,2025-09-23T15:42:00.45,00:00:00,788655.0,AGM,,539302.0,10314.34
ff9362f5-48b9-4277-9186-bf7d725d9f40,523405,ANN_523405_FF9362F5-48B9-4277-9186-BF7D725D9F40,JM Financial Ltd-$ - 523405 - Announcement under Regulation 30 (LODR)-Allotment of ESOP / ESPS,2025-09-23 15:39:40.630,2025-09-23T15:39:40.63,0,A,,N    ,https://www.bseindia.com/xml-data/corpfiling/AttachLive/93064281-d15e-4dac-9abf-a25c1c521e9f.pdf,,Allotment of equity shares upon the exercise of Stock Options by the Eligible Employees,Company Update,1,1,0,https://www.bseindia.com/stock-share-price/jm-financial-ltd/jmfinancil/523405/,JM Financial Ltd-$,115.0,20,2025-09-23T15:39:40,2025-09-23T15:39:40.63,00:00:00,215814.0,Allotment of ESOP / ESPS,,523405.0,16297.79
a40e0f9c-f9b3-4ded-bc82-c8743163a5ed,500052,ANN_500052_A40E0F9C-F9B3-4DED-BC82-C8743163A5ED,Bhansali Engineering Polymers Ltd-$ - 500052 - Insights Shared By The Chairman And Managing Director During The Q&A Sessions At The 41St AGM Of The Company.,2025-09-23 15:39:15.187,2025-09-23T15:39:15.187,0,A,,N    ,https://www.bseindia.com/xml-data/corpfiling/AttachLive/60eb9a5f-3d57-42b8-a631-84a676998cc1.pdf,,Enclosed is the Addendum giving insights of the Company shared by Chairman and Managing Director.,Company Update,1,1,0,https://www.bseindia.com/stock-share-price/bhansali-engineering-polymers-ltd/bepl/500052/,Bhansali Engineering Polymers Ltd-$,1.0,20,2025-09-23T15:39:15,2025-09-23T15:39:15.187,00:00:00,693224.0,General,,500052.0,2840.72
c26ae638-7fec-4952-bf06-d7666ba00080,538962,ANN_538962_C26AE638-7FEC-4952-BF06-D7666BA00080,Minda Corporation Ltd - 538962 - Announcement under Regulation 30 (LODR)-Investor Presentation,2025-09-23 15:35:48.650,2025-09-23T15:35:48.65,0,A,,N    ,https://www.bseindia.com/xml-data/corpfiling/AttachLive/2caabd10-67ad-4936-a435-6accd35dd73b.pdf,,Presentation on Minda Corporation Investors Meet 2025,Company Update,1,1,0,https://www.bseindia.com/stock-share-price/minda-corporation-ltd/mindacorp/538962/,Minda Corporation Ltd,120.0,20,2025-09-23T15:35:48,2025-09-23T15:35:48.65,00:00:00,11265434.0,Investor Presentation,,538962.0,12414.2
088d22ae-2e75-428b-9f17-a0280ce0dd89,500314,ANN_500314_088D22AE-2E75-428B-9F17-A0280CE0DD89,Oriental Hotels Ltd - 500314 - Closure of Trading Window,2025-09-23 15:32:17.270,2025-09-23T15:32:17.27,0,A,,N    ,https://www.bseindia.com/xml-data/corpfiling/AttachLive/cdcc3ebd-6d17-4948-b779-b536755641b1.pdf,,Please find attached intimation on Closure of Trading Window.,Insider Trading / SAST,1,1,0,https://www.bseindia.com/stock-share-price/oriental-hotels-ltd/orienthot/500314/,Oriental Hotels Ltd,66.0,20,2025-09-23T15:32:17,2025-09-23T15:32:17.27,00:00:00,251503.0,Closure of Trading Window,,500314.0,2820.08
f11b6a93-06a4-4df6-a326-dc70a6b1e147,544408,ANN_544408_F11B6A93-06A4-4DF6-A326-DC70A6B1E147,"Schloss Bangalore Ltd - 544408 - Disclosures under Reg. 29(1) of SEBI (SAST) Regulations, 2011",2025-09-23 15:31:38.293,2025-09-23T15:31:38.293,0,A,,N    ,https://www.bseindia.com/xml-data/corpfiling/AttachLive/F11B6A93_06A4_4DF6_A326_DC70A6B1E147_153134.pdf,,"The Exchange has received the disclosure under Regulation 29(1) of SEBI (Substantial Acquisition of Shares & Takeovers) Regulations, 2011 for  Deutsche Bank AG",Insider Trading / SAST,1,1,0,https://www.bseindia.com/stock-share-price/schloss-bangalore-ltd/theleela/544408/,Schloss Bangalore Ltd,52.0,20,,2025-09-23T15:31:38.293,,73275.0,"Disclosures under Reg. 29(1) of SEBI (SAST) Regulations, 2011",,544408.0,14550.54
